name,stage,calls,cpu_time_total_us,cuda_time_total_us,self_cpu_time_total_us,self_cuda_time_total_us,run_name
profile/warmup,profile/warmup,1,80325.525,11858.463000000138,1814.5849999999773,0.0,small_ctx256_train_step_fp32
Optimizer.zero_grad#AdamW.zero_grad,,2,291.062000000009,0,291.062000000009,0,small_ctx256_train_step_fp32
forward,forward,2,45405.083,7858.1279999998915,12178.277000000191,0.0,small_ctx256_train_step_fp32
aten::index,,2,1767.5209999999956,11.48899999999594,117.79600000001437,7.616999999995642,small_ctx256_train_step_fp32
aten::as_strided,,4796,1663.1140000001212,0,1663.1140000001212,0,small_ctx256_train_step_fp32
aten::reshape,,1648,6029.205000000179,839.10700000009,1945.4199999999043,0.0,small_ctx256_train_step_fp32
aten::view,,1724,1622.8680000001991,0,1622.8680000001991,0,small_ctx256_train_step_fp32
Activity Buffer Request,,1,1587.154,3.8720000000002983,1587.154,3.8720000000002983,small_ctx256_train_step_fp32
cudaLaunchKernel,,7650,21829.800999999577,0,21829.800999999577,0,small_ctx256_train_step_fp32
forward,forward,2,0,43501.344000000005,0,43501.344000000005,small_ctx256_train_step_fp32
"void at::native::vectorized_gather_kernel<16, long>(char*, char*, long*, int, long, long, long, long, bool)",,2,0,7.616999999995642,0,7.616999999995642,small_ctx256_train_step_fp32
aten::to,,746,222.24099999984946,1.4730000000054133,121.06499999986454,0.0,small_ctx256_train_step_fp32
aten::pow,,594,5153.419999999731,1857.6279999999133,2960.321000000057,1736.9219999999223,small_ctx256_train_step_fp32
aten::result_type,,594,62.56500000006827,0,62.56500000006827,0,small_ctx256_train_step_fp32
"void at::native::vectorized_elementwise_kernel<4, at::native::(anonymous namespace)::pow_tensor_scalar_kernel_impl<float, float>(at::TensorIteratorBase&, float)::{lambda(float)#1}, std::array<char*, 2ul> >(int, at::native::(anonymous namespace)::pow_tensor_scalar_kernel_impl<float, float>(at::TensorIteratorBase&, float)::{lambda(float)#1}, std::array<char*, 2ul>)",,494,0,1675.4849999999096,0,1675.4849999999096,small_ctx256_train_step_fp32
aten::mean,,52,683.2689999999907,227.04200000000264,493.1300000000447,227.04200000000264,small_ctx256_train_step_fp32
"void at::native::reduce_kernel<512, 1, at::native::ReduceOp<float, at::native::MeanOps<float, float, float, float>, unsigned int, float, 4, 4> >(at::native::ReduceOp<float, at::native::MeanOps<float, float, float, float>, unsigned int, float, 4, 4>)",,52,0,227.04200000000264,0,227.04200000000264,small_ctx256_train_step_fp32
aten::add,,862,5989.365999999913,2781.2560000000435,3367.8649999996082,2781.2560000000435,small_ctx256_train_step_fp32
"void at::native::vectorized_elementwise_kernel<4, at::native::CUDAFunctorOnSelf_add<float>, std::array<char*, 2ul> >(int, at::native::CUDAFunctorOnSelf_add<float>, std::array<char*, 2ul>)",,274,0,719.9679999998802,0,719.9679999998802,small_ctx256_train_step_fp32
aten::rsqrt,,50,469.2819999999738,67.35900000006814,313.8219999999874,67.35900000006814,small_ctx256_train_step_fp32
"void at::native::vectorized_elementwise_kernel<4, at::native::rsqrt_kernel_cuda(at::TensorIteratorBase&)::{lambda()#2}::operator()() const::{lambda()#2}::operator()() const::{lambda(float)#1}, std::array<char*, 2ul> >(int, at::native::rsqrt_kernel_cuda(at::TensorIteratorBase&)::{lambda()#2}::operator()() const::{lambda()#2}::operator()() const::{lambda(float)#1}, std::array<char*, 2ul>)",,50,0,67.35900000006814,0,67.35900000006814,small_ctx256_train_step_fp32
aten::mul,,2414,16389.78000000005,9584.228999999576,9542.110999999877,9584.228999999576,small_ctx256_train_step_fp32
"void at::native::elementwise_kernel<128, 2, at::native::gpu_kernel_impl_nocast<at::native::BinaryFunctor<float, float, float, at::native::binary_internal::MulFunctor<float> > >(at::TensorIteratorBase&, at::native::BinaryFunctor<float, float, float, at::native::binary_internal::MulFunctor<float> > const&)::{lambda(int)#1}>(int, at::native::gpu_kernel_impl_nocast<at::native::BinaryFunctor<float, float, float, at::native::binary_internal::MulFunctor<float> > >(at::TensorIteratorBase&, at::native::BinaryFunctor<float, float, float, at::native::binary_internal::MulFunctor<float> > const&)::{lambda(int)#1})",,808,0,3586.6539999998486,0,3586.6539999998486,small_ctx256_train_step_fp32
aten::einsum,,218,14778.44499999997,3116.0929999999935,2947.1510000001645,0.0,small_ctx256_train_step_fp32
aten::unsqueeze,,632,1597.9689999997672,0,1369.7479999998277,0,small_ctx256_train_step_fp32
aten::permute,,2468,5218.488999999836,0,4354.690999999673,0,small_ctx256_train_step_fp32
aten::_reshape_alias,,266,401.576000000116,0,401.576000000116,0,small_ctx256_train_step_fp32
aten::bmm,,654,12895.245999999988,12129.497999999847,8843.371000000305,12129.497999999847,small_ctx256_train_step_fp32
cudaFuncGetAttributes,,780,1228.279999999917,0,1228.279999999917,0,small_ctx256_train_step_fp32
cudaLaunchKernelExC,,390,1508.7809999999063,0,1508.7809999999063,0,small_ctx256_train_step_fp32
sm90_xmma_gemm_f32f32_tf32f32_f32_tn_n_tilesize64x128x32_warpgroupsize1x1x1_execute_segment_k_off_kernel__5x_cublas,,120,0,1455.5819999999876,0,1455.5819999999876,small_ctx256_train_step_fp32
aten::unbind,,96,664.4540000000306,0,308.1539999999677,0,small_ctx256_train_step_fp32
aten::select,,192,356.30000000006294,0,284.69300000004023,0,small_ctx256_train_step_fp32
aten::alias,,48,69.75599999999667,0,69.75599999999667,0,small_ctx256_train_step_fp32
aten::sub,,76,711.53100000002,471.5849999999118,476.7979999999634,471.5849999999118,small_ctx256_train_step_fp32
"void at::native::vectorized_elementwise_kernel<4, at::native::CUDAFunctor_add<float>, std::array<char*, 3ul> >(int, at::native::CUDAFunctor_add<float>, std::array<char*, 3ul>)",,1572,0,5120.253000000357,0,5120.253000000357,small_ctx256_train_step_fp32
aten::concat,,48,616.7840000000024,336.157999999974,62.99100000004,0.0,small_ctx256_train_step_fp32
aten::cat,,96,990.7489999999498,592.7980000000352,654.5999999999176,592.7980000000352,small_ctx256_train_step_fp32
"void at::native::(anonymous namespace)::CatArrayBatchedCopy<at::native::(anonymous namespace)::OpaqueType<4u>, unsigned int, 4, 64, 64>(at::native::(anonymous namespace)::OpaqueType<4u>*, at::native::(anonymous namespace)::CatArrInputTensorMetadata<at::native::(anonymous namespace)::OpaqueType<4u>, unsigned int, 64, 64>, at::native::(anonymous namespace)::TensorSizeStride<unsigned int, 4u>, int, unsigned int)",,72,0,516.6070000000036,0,516.6070000000036,small_ctx256_train_step_fp32
aten::arange,,52,736.9560000000411,53.760000000005675,225.95799999999963,26.880000000002838,small_ctx256_train_step_fp32
aten::empty,,350,815.641000000066,0,815.641000000066,0,small_ctx256_train_step_fp32
aten::resize_,,74,174.57899999996334,0,174.57899999996334,0,small_ctx256_train_step_fp32
"void (anonymous namespace)::elementwise_kernel_with_index<int, at::native::arange_cuda_out(c10::Scalar const&, c10::Scalar const&, c10::Scalar const&, at::Tensor&)::{lambda()#1}::operator()() const::{lambda()#4}::operator()() const::{lambda(long)#1}>(int, at::native::arange_cuda_out(c10::Scalar const&, c10::Scalar const&, c10::Scalar const&, at::Tensor&)::{lambda()#1}::operator()() const::{lambda()#4}::operator()() const::{lambda(long)#1}, function_traits<at::native::arange_cuda_out(c10::Scalar const&, c10::Scalar const&, c10::Scalar const&, at::Tensor&)::{lambda()#1}::operator()() const::{lambda()#4}::operator()() const::{lambda(long)#1}>::result_type*)",,26,0,26.880000000002838,0,26.880000000002838,small_ctx256_train_step_fp32
aten::ge,,24,277.8650000000034,68.8970000000345,179.68200000002798,68.8970000000345,small_ctx256_train_step_fp32
"void at::native::elementwise_kernel<128, 4, at::native::gpu_kernel_impl_nocast<at::native::(anonymous namespace)::CompareFunctor<long> >(at::TensorIteratorBase&, at::native::(anonymous namespace)::CompareFunctor<long> const&)::{lambda(int)#1}>(int, at::native::gpu_kernel_impl_nocast<at::native::(anonymous namespace)::CompareFunctor<long> >(at::TensorIteratorBase&, at::native::(anonymous namespace)::CompareFunctor<long> const&)::{lambda(int)#1})",,24,0,68.8970000000345,0,68.8970000000345,small_ctx256_train_step_fp32
attention/scores,attention/scores,24,3357.622999999987,341.47500000001855,1361.0070000000196,0.0,small_ctx256_train_step_fp32
cudaDeviceGetAttribute,,264,67.43899999995392,0,67.43899999995392,0,small_ctx256_train_step_fp32
cuLaunchKernel,,264,838.4949999999199,0,838.4949999999199,0,small_ctx256_train_step_fp32
attention/scores,attention/scores,24,0,895.5540000000083,0,895.5540000000083,small_ctx256_train_step_fp32
void cutlass::Kernel2<cutlass_80_tensorop_s1688gemm_128x64_16x6_tn_align4>(cutlass_80_tensorop_s1688gemm_128x64_16x6_tn_align4::Params),,48,0,417.6979999999603,0,417.6979999999603,small_ctx256_train_step_fp32
aten::div,,420,3229.4420000000537,2536.9230000000725,1968.6580000005042,2536.9230000000725,small_ctx256_train_step_fp32
"void at::native::vectorized_elementwise_kernel<4, at::native::BUnaryFunctor<float, float, float, at::native::binary_internal::MulFunctor<float> >, std::array<char*, 2ul> >(int, at::native::BUnaryFunctor<float, float, float, at::native::binary_internal::MulFunctor<float> >, std::array<char*, 2ul>)",,48,0,275.0700000000197,0,275.0700000000197,small_ctx256_train_step_fp32
attention/softmax,attention/softmax,24,3550.5409999999856,1331.907999999934,1079.505999999912,0.0,small_ctx256_train_step_fp32
aten::where,,96,2589.5559999999923,1043.963000000006,684.260999999995,493.7890000000216,small_ctx256_train_step_fp32
aten::scalar_tensor,,48,663.2380000000112,56.38499999996293,196.8090000000475,0.0,small_ctx256_train_step_fp32
aten::fill_,,524,2400.1319999999887,1193.826999999831,968.6840000003094,1193.826999999831,small_ctx256_train_step_fp32
attention/softmax,attention/softmax,24,0,2785.7319999999836,0,2785.7319999999836,small_ctx256_train_step_fp32
"void at::native::vectorized_elementwise_kernel<4, at::native::FillFunctor<float>, std::array<char*, 1ul> >(int, at::native::FillFunctor<float>, std::array<char*, 1ul>)",,524,0,1193.826999999831,0,1193.826999999831,small_ctx256_train_step_fp32
"void at::native::elementwise_kernel<128, 2, at::native::gpu_kernel_impl_nocast<at::native::(anonymous namespace)::where_kernel_impl(at::TensorIterator&)::{lambda()#1}::operator()() const::{lambda()#11}::operator()() const::{lambda(bool, float, float)#1}>(at::TensorIteratorBase&, at::native::(anonymous namespace)::where_kernel_impl(at::TensorIterator&)::{lambda()#1}::operator()() const::{lambda()#11}::operator()() const::{lambda(bool, float, float)#1} const&)::{lambda(int)#1}>(int, at::native::gpu_kernel_impl_nocast<at::native::(anonymous namespace)::where_kernel_impl(at::TensorIterator&)::{lambda()#1}::operator()() const::{lambda()#11}::operator()() const::{lambda(bool, float, float)#1}>(at::TensorIteratorBase&, at::native::(anonymous namespace)::where_kernel_impl(at::TensorIterator&)::{lambda()#1}::operator()() const::{lambda()#11}::operator()() const::{lambda(bool, float, float)#1} const&)::{lambda(int)#1})",,48,0,493.7890000000216,0,493.7890000000216,small_ctx256_train_step_fp32
aten::max,,26,442.53500000002896,302.1169999999611,337.46700000002056,302.1169999999611,small_ctx256_train_step_fp32
"void at::native::reduce_kernel<512, 1, at::native::ReduceOp<float, at::native::MaxOps<float>, unsigned int, float, 4, 4> >(at::native::ReduceOp<float, at::native::MaxOps<float>, unsigned int, float, 4, 4>)",,26,0,302.1169999999611,0,302.1169999999611,small_ctx256_train_step_fp32
"void at::native::elementwise_kernel<128, 2, at::native::gpu_kernel_impl_nocast<at::native::CUDAFunctor_add<float> >(at::TensorIteratorBase&, at::native::CUDAFunctor_add<float> const&)::{lambda(int)#1}>(int, at::native::gpu_kernel_impl_nocast<at::native::CUDAFunctor_add<float> >(at::TensorIteratorBase&, at::native::CUDAFunctor_add<float> const&)::{lambda(int)#1})",,52,0,596.6699999999755,0,596.6699999999755,small_ctx256_train_step_fp32
aten::exp,,26,296.09100000000126,177.37600000003567,203.09899999999925,177.37600000003567,small_ctx256_train_step_fp32
"void at::native::vectorized_elementwise_kernel<4, at::native::exp_kernel_cuda(at::TensorIteratorBase&)::{lambda()#2}::operator()() const::{lambda()#2}::operator()() const::{lambda(float)#1}, std::array<char*, 2ul> >(int, at::native::exp_kernel_cuda(at::TensorIteratorBase&)::{lambda()#2}::operator()() const::{lambda()#2}::operator()() const::{lambda(float)#1}, std::array<char*, 2ul>)",,26,0,177.37600000003567,0,177.37600000003567,small_ctx256_train_step_fp32
aten::sum,,400,4632.532999999995,2607.3300000002782,2823.485999999628,2607.3300000002782,small_ctx256_train_step_fp32
"void at::native::reduce_kernel<512, 1, at::native::ReduceOp<float, at::native::func_wrapper_t<float, at::native::sum_functor<float, float, float>::operator()(at::TensorIterator&)::{lambda(float, float)#1}>, unsigned int, float, 4, 4> >(at::native::ReduceOp<float, at::native::func_wrapper_t<float, at::native::sum_functor<float, float, float>::operator()(at::TensorIterator&)::{lambda(float, float)#1}>, unsigned int, float, 4, 4>)",,350,0,1957.154000000235,0,1957.154000000235,small_ctx256_train_step_fp32
"void at::native::elementwise_kernel<128, 2, at::native::gpu_kernel_impl_nocast<at::native::BinaryFunctor<float, float, float, at::native::binary_internal::DivFunctor<float> > >(at::TensorIteratorBase&, at::native::BinaryFunctor<float, float, float, at::native::binary_internal::DivFunctor<float> > const&)::{lambda(int)#1}>(int, at::native::gpu_kernel_impl_nocast<at::native::BinaryFunctor<float, float, float, at::native::binary_internal::DivFunctor<float> > >(at::TensorIteratorBase&, at::native::BinaryFunctor<float, float, float, at::native::binary_internal::DivFunctor<float> > const&)::{lambda(int)#1})",,96,0,1211.1379999999508,0,1211.1379999999508,small_ctx256_train_step_fp32
attention/value,attention/value,24,3067.6109999999544,313.91800000002695,844.8749999999691,0.0,small_ctx256_train_step_fp32
aten::clone,,192,2429.823000000066,839.10700000009,418.2640000000656,0.0,small_ctx256_train_step_fp32
aten::empty_like,,642,2052.5800000001873,0,700.8499999999749,0,small_ctx256_train_step_fp32
aten::copy_,,414,3074.4129999999086,3023.973000000059,1438.695999999938,3023.973000000059,small_ctx256_train_step_fp32
attention/value,attention/value,24,0,858.0490000000118,0,858.0490000000118,small_ctx256_train_step_fp32
"void at::native::elementwise_kernel<128, 2, at::native::gpu_kernel_impl_nocast<at::native::direct_copy_kernel_cuda(at::TensorIteratorBase&)::{lambda()#3}::operator()() const::{lambda()#7}::operator()() const::{lambda(float)#1}>(at::TensorIteratorBase&, at::native::direct_copy_kernel_cuda(at::TensorIteratorBase&)::{lambda()#3}::operator()() const::{lambda()#7}::operator()() const::{lambda(float)#1} const&)::{lambda(int)#1}>(int, at::native::gpu_kernel_impl_nocast<at::native::direct_copy_kernel_cuda(at::TensorIteratorBase&)::{lambda()#3}::operator()() const::{lambda()#7}::operator()() const::{lambda(float)#1}>(at::TensorIteratorBase&, at::native::direct_copy_kernel_cuda(at::TensorIteratorBase&)::{lambda()#3}::operator()() const::{lambda()#7}::operator()() const::{lambda(float)#1} const&)::{lambda(int)#1})",,362,0,2901.7940000000626,0,2901.7940000000626,small_ctx256_train_step_fp32
aten::_unsafe_view,,192,206.8510000000624,0,206.8510000000624,0,small_ctx256_train_step_fp32
void cutlass::Kernel2<cutlass_80_tensorop_s1688gemm_64x64_16x6_nn_align4>(cutlass_80_tensorop_s1688gemm_64x64_16x6_nn_align4::Params),,48,0,382.2050000000272,0,382.2050000000272,small_ctx256_train_step_fp32
sm90_xmma_gemm_f32f32_tf32f32_f32_tn_n_tilesize128x128x32_warpgroupsize1x1x1_execute_segment_k_off_kernel__5x_cublas,,50,0,1140.6699999999691,0,1140.6699999999691,small_ctx256_train_step_fp32
aten::sigmoid,,24,279.6529999999775,143.90500000001066,182.52699999996003,143.90500000001066,small_ctx256_train_step_fp32
"void at::native::vectorized_elementwise_kernel<4, at::native::sigmoid_kernel_cuda(at::TensorIteratorBase&)::{lambda()#2}::operator()() const::{lambda()#2}::operator()() const::{lambda(float)#1}, std::array<char*, 2ul> >(int, at::native::sigmoid_kernel_cuda(at::TensorIteratorBase&)::{lambda()#2}::operator()() const::{lambda()#2}::operator()() const::{lambda(float)#1}, std::array<char*, 2ul>)",,24,0,143.90500000001066,0,143.90500000001066,small_ctx256_train_step_fp32
"void at::native::vectorized_elementwise_kernel<4, at::native::BinaryFunctor<float, float, float, at::native::binary_internal::MulFunctor<float> >, std::array<char*, 3ul> >(int, at::native::BinaryFunctor<float, float, float, at::native::binary_internal::MulFunctor<float> >, std::array<char*, 3ul>)",,392,0,2215.163999999989,0,2215.163999999989,small_ctx256_train_step_fp32
cudaMemsetAsync,,248,678.8000000000648,0,678.8000000000648,0,small_ctx256_train_step_fp32
Memset (Device),,248,0,197.791000000052,0,197.791000000052,small_ctx256_train_step_fp32
aten::log,,2,21.155000000013388,3.4879999999902793,13.396000000007916,3.4879999999902793,small_ctx256_train_step_fp32
aten::neg,,104,730.8909999999705,621.5729999999712,422.4839999999567,621.5729999999712,small_ctx256_train_step_fp32
aten::gather,,2,32.020000000004075,17.920000000009168,22.038999999989755,17.920000000009168,small_ctx256_train_step_fp32
"void at::native::vectorized_elementwise_kernel<4, at::native::log_kernel_cuda(at::TensorIteratorBase&)::{lambda()#2}::operator()() const::{lambda()#2}::operator()() const::{lambda(float)#1}, std::array<char*, 2ul> >(int, at::native::log_kernel_cuda(at::TensorIteratorBase&)::{lambda()#2}::operator()() const::{lambda()#2}::operator()() const::{lambda(float)#1}, std::array<char*, 2ul>)",,2,0,3.4879999999902793,0,3.4879999999902793,small_ctx256_train_step_fp32
"void at::native::vectorized_elementwise_kernel<4, at::native::neg_kernel_cuda(at::TensorIteratorBase&)::{lambda()#2}::operator()() const::{lambda()#7}::operator()() const::{lambda(float)#1}, std::array<char*, 2ul> >(int, at::native::neg_kernel_cuda(at::TensorIteratorBase&)::{lambda()#2}::operator()() const::{lambda()#7}::operator()() const::{lambda(float)#1}, std::array<char*, 2ul>)",,56,0,480.2569999999905,0,480.2569999999905,small_ctx256_train_step_fp32
"void at::native::_scatter_gather_elementwise_kernel<128, 8, at::native::_cuda_scatter_gather_internal_kernel<false, at::native::OpaqueType<4>, long>::operator()<at::native::TensorAssign>(at::TensorIterator&, long, long, long, at::native::TensorAssign const&)::{lambda(int)#1}>(int, at::native::_cuda_scatter_gather_internal_kernel<false, at::native::OpaqueType<4>, long>::operator()<at::native::TensorAssign>(at::TensorIterator&, long, long, long, at::native::TensorAssign const&)::{lambda(int)#1})",,2,0,17.920000000009168,0,17.920000000009168,small_ctx256_train_step_fp32
backward,backward,2,64298.21700000001,2.3669999999910942,64234.88700000001,0.0,small_ctx256_train_step_fp32
aten::ones_like,,2,63.330000000001746,2.3669999999910942,4.961999999999534,0.0,small_ctx256_train_step_fp32
aten::empty_strided,,618,1327.0030000001207,0,1327.0030000001207,0,small_ctx256_train_step_fp32
backward,backward,2,0,2.3669999999910942,0,2.3669999999910942,small_ctx256_train_step_fp32
autograd::engine::evaluate_function: MeanBackward0,,2,207.84100000000035,3.455999999987398,38.507000000001426,0.0,small_ctx256_train_step_fp32
MeanBackward0,,2,169.33399999999892,3.455999999987398,55.76899999998932,0.0,small_ctx256_train_step_fp32
aten::expand,,80,213.37299999999232,0,175.79699999999139,0,small_ctx256_train_step_fp32
"void at::native::elementwise_kernel<128, 2, at::native::gpu_kernel_impl_nocast<at::native::BUnaryFunctor<float, float, float, at::native::binary_internal::MulFunctor<float> > >(at::TensorIteratorBase&, at::native::BUnaryFunctor<float, float, float, at::native::binary_internal::MulFunctor<float> > const&)::{lambda(int)#1}>(int, at::native::gpu_kernel_impl_nocast<at::native::BUnaryFunctor<float, float, float, at::native::binary_internal::MulFunctor<float> > >(at::TensorIteratorBase&, at::native::BUnaryFunctor<float, float, float, at::native::binary_internal::MulFunctor<float> > const&)::{lambda(int)#1})",,52,0,192.60600000001796,0,192.60600000001796,small_ctx256_train_step_fp32
autograd::engine::evaluate_function: GatherBackward0,,2,140.67200000000594,36.47900000001391,19.927000000010594,0.0,small_ctx256_train_step_fp32
GatherBackward0,,2,120.74499999999534,36.47900000001391,16.432999999997264,0.0,small_ctx256_train_step_fp32
aten::gather_backward,,2,104.31199999999808,36.47900000001391,18.27500000000873,0.0,small_ctx256_train_step_fp32
aten::new_zeros,,4,77.75099999999293,36.895000000022264,16.803000000014435,0.0,small_ctx256_train_step_fp32
aten::new_empty,,4,21.286999999989348,0,6.25800000000163,0,small_ctx256_train_step_fp32
aten::zero_,,474,2697.853999999792,1135.074999999877,662.4729999997653,0.0,small_ctx256_train_step_fp32
aten::scatter_add_,,2,38.81200000000172,15.391000000006898,27.611000000022614,15.391000000006898,small_ctx256_train_step_fp32
"void at::native::_scatter_gather_elementwise_kernel<128, 8, at::native::_cuda_scatter_gather_internal_kernel<true, float, long>::operator()<at::native::ReduceAdd>(at::TensorIterator&, long, long, long, at::native::ReduceAdd const&)::{lambda(int)#1}>(int, at::native::_cuda_scatter_gather_internal_kernel<true, float, long>::operator()<at::native::ReduceAdd>(at::TensorIterator&, long, long, long, at::native::ReduceAdd const&)::{lambda(int)#1})",,2,0,15.391000000006898,0,15.391000000006898,small_ctx256_train_step_fp32
autograd::engine::evaluate_function: NegBackward0,,2,27.284999999999854,38.52800000000934,5.364000000001397,0.0,small_ctx256_train_step_fp32
NegBackward0,,2,21.920999999998457,38.52800000000934,2.6859999999978754,0.0,small_ctx256_train_step_fp32
autograd::engine::evaluate_function: SubBackward0,,76,1018.9409999999443,564.643999999993,226.64299999989817,0.0,small_ctx256_train_step_fp32
SubBackward0,,76,570.1270000000186,360.6439999999784,69.9870000000592,0.0,small_ctx256_train_step_fp32
autograd::engine::evaluate_function: LogBackward0,,2,37.38499999999112,3.680000000000291,7.212999999981548,0.0,small_ctx256_train_step_fp32
LogBackward0,,2,30.172000000009575,3.680000000000291,3.2590000000054715,0.0,small_ctx256_train_step_fp32
autograd::engine::evaluate_function: SumBackward1,,26,364.0080000000089,235.29599999999846,106.75199999999677,0.0,small_ctx256_train_step_fp32
SumBackward1,,26,94.71099999999569,0,29.776999999994587,0,small_ctx256_train_step_fp32
"void at::native::vectorized_elementwise_kernel<4, at::native::BinaryFunctor<float, float, float, at::native::binary_internal::DivFunctor<float> >, std::array<char*, 3ul> >(int, at::native::BinaryFunctor<float, float, float, at::native::binary_internal::DivFunctor<float> >, std::array<char*, 3ul>)",,224,0,858.109000000084,0,858.109000000084,small_ctx256_train_step_fp32
autograd::engine::evaluate_function: ExpBackward0,,26,318.15000000000873,327.0399999999354,85.4939999999915,0.0,small_ctx256_train_step_fp32
ExpBackward0,,26,215.23600000001898,269.4399999999332,51.57100000002538,0.0,small_ctx256_train_step_fp32
aten::add_,,516,2591.7270000000353,1546.679000000142,1204.0820000001222,1546.679000000142,small_ctx256_train_step_fp32
autograd::engine::evaluate_function: MaxBackward0,,26,1162.1890000000094,531.5520000000142,146.91200000002573,0.0,small_ctx256_train_step_fp32
MaxBackward0,,26,878.4249999999629,317.2799999999952,63.756999999950494,0.0,small_ctx256_train_step_fp32
aten::value_selecting_reduction_backward,,26,814.6680000000124,317.2799999999952,72.7119999999777,0.0,small_ctx256_train_step_fp32
aten::zeros,,26,356.4970000000794,119.26299999997718,59.45900000007532,0.0,small_ctx256_train_step_fp32
aten::scatter_,,26,385.45899999995527,198.01700000001802,265.212999999967,198.01700000001802,small_ctx256_train_step_fp32
autograd::engine::evaluate_function: ViewBackward0,,726,4452.054000000069,420.50900000003094,1593.674999999941,0.0,small_ctx256_train_step_fp32
ViewBackward0,,726,2858.379000000128,420.50900000003094,611.9870000000301,0.0,small_ctx256_train_step_fp32
"void at::native::_scatter_gather_elementwise_kernel<128, 8, at::native::_cuda_scatter_gather_internal_kernel<true, at::native::OpaqueType<4>, long>::operator()<at::native::TensorAssign>(at::TensorIterator&, long, long, long, at::native::TensorAssign const&)::{lambda(int)#1}>(int, at::native::_cuda_scatter_gather_internal_kernel<true, at::native::OpaqueType<4>, long>::operator()<at::native::TensorAssign>(at::TensorIterator&, long, long, long, at::native::TensorAssign const&)::{lambda(int)#1})",,26,0,198.01700000001802,0,198.01700000001802,small_ctx256_train_step_fp32
autograd::engine::evaluate_function: PermuteBackward0,,1234,5949.350999999962,0,2726.356000000167,0,small_ctx256_train_step_fp32
PermuteBackward0,,1234,3222.9949999997953,0,967.1359999998058,0,small_ctx256_train_step_fp32
autograd::engine::evaluate_function: BmmBackward0,,218,9809.803000000116,9141.915999999866,841.2430000000386,0.0,small_ctx256_train_step_fp32
BmmBackward0,,218,8968.560000000078,9141.915999999866,702.1410000000142,0.0,small_ctx256_train_step_fp32
aten::transpose,,436,878.0890000000727,0,729.4870000002993,0,small_ctx256_train_step_fp32
sm90_xmma_gemm_f32f32_tf32f32_f32_nt_n_tilesize128x256x32_warpgroupsize2x1x1_execute_segment_k_off_kernel__5x_cublas,,2,0,162.62400000000343,0,162.62400000000343,small_ctx256_train_step_fp32
autograd::engine::evaluate_function: ReshapeAliasBackward0,,242,1886.5429999998887,189.70100000005186,669.9780000001083,0.0,small_ctx256_train_step_fp32
ReshapeAliasBackward0,,242,1216.5649999997804,189.70100000005186,184.578999999776,0.0,small_ctx256_train_step_fp32
sm90_xmma_gemm_f32f32_tf32f32_f32_nn_n_tilesize64x128x32_warpgroupsize1x1x1_execute_segment_k_off_kernel__5x_cublas,,146,0,2589.602999999948,0,2589.602999999948,small_ctx256_train_step_fp32
autograd::engine::evaluate_function: UnsqueezeBackward0,,606,3565.1829999999136,234.2449999999444,1645.9589999997916,0.0,small_ctx256_train_step_fp32
UnsqueezeBackward0,,606,1438.085000000112,0,350.8250000000553,0,small_ctx256_train_step_fp32
aten::squeeze,,606,1087.2600000000566,0,901.3029999999526,0,small_ctx256_train_step_fp32
autograd::engine::evaluate_function: torch::autograd::AccumulateGrad,,222,2915.451999999972,2062.6869999999726,413.08499999988635,0.0,small_ctx256_train_step_fp32
torch::autograd::AccumulateGrad,,222,2502.3670000000857,2062.6869999999726,621.1740000001737,0.0,small_ctx256_train_step_fp32
aten::new_empty_strided,,170,624.8419999999642,0,206.53099999996994,0,small_ctx256_train_step_fp32
autograd::engine::evaluate_function: MulBackward0,,340,7360.176999999912,3566.4800000001414,1464.3129999998055,0.0,small_ctx256_train_step_fp32
MulBackward0,,340,3909.743999999995,2456.4680000000044,660.1800000001094,0.0,small_ctx256_train_step_fp32
aten::detach,,52,83.90299999999479,0,33.2090000000353,0,small_ctx256_train_step_fp32
detach,,52,50.69399999995949,0,50.69399999995949,0,small_ctx256_train_step_fp32
"void at::native::reduce_kernel<128, 4, at::native::ReduceOp<float, at::native::func_wrapper_t<float, at::native::sum_functor<float, float, float>::operator()(at::TensorIterator&)::{lambda(float, float)#1}>, unsigned int, float, 4, 4> >(at::native::ReduceOp<float, at::native::func_wrapper_t<float, at::native::sum_functor<float, float, float>::operator()(at::TensorIterator&)::{lambda(float, float)#1}>, unsigned int, float, 4, 4>)",,50,0,472.76700000002165,0,472.76700000002165,small_ctx256_train_step_fp32
autograd::engine::evaluate_function: RsqrtBackward0,,50,1634.4090000000397,183.22599999992235,145.09199999997873,0.0,small_ctx256_train_step_fp32
RsqrtBackward0,,50,1489.317000000061,183.22599999992235,221.03999999995722,0.0,small_ctx256_train_step_fp32
"void at::native::vectorized_elementwise_kernel<4, at::native::(anonymous namespace)::pow_tensor_scalar_kernel_impl<float, float>(at::TensorIteratorBase&, float)::{lambda(float)#2}, std::array<char*, 2ul> >(int, at::native::(anonymous namespace)::pow_tensor_scalar_kernel_impl<float, float>(at::TensorIteratorBase&, float)::{lambda(float)#2}, std::array<char*, 2ul>)",,50,0,61.43700000001263,0,61.43700000001263,small_ctx256_train_step_fp32
"void at::native::vectorized_elementwise_kernel<4, at::native::AUnaryFunctor<float, float, float, at::native::binary_internal::MulFunctor<float> >, std::array<char*, 2ul> >(int, at::native::AUnaryFunctor<float, float, float, at::native::binary_internal::MulFunctor<float> >, std::array<char*, 2ul>)",,1434,0,5062.1859999997105,0,5062.1859999997105,small_ctx256_train_step_fp32
autograd::engine::evaluate_function: AddBackward0,,146,384.3639999999177,0,334.9259999999267,0,small_ctx256_train_step_fp32
AddBackward0,,146,49.43799999999101,0,49.43799999999101,0,small_ctx256_train_step_fp32
autograd::engine::evaluate_function: MeanBackward1,,50,899.2299999999414,189.15000000003056,128.05999999998312,0.0,small_ctx256_train_step_fp32
MeanBackward1,,50,771.1699999999582,189.15000000003056,154.85700000001088,0.0,small_ctx256_train_step_fp32
autograd::engine::evaluate_function: PowBackward0,,50,2185.7830000000104,475.0710000000472,273.3509999999915,0.0,small_ctx256_train_step_fp32
PowBackward0,,50,1676.291999999983,352.16200000000026,151.13299999991432,0.0,small_ctx256_train_step_fp32
cudaMemcpyAsync,,54,474.9049999999479,0,474.9049999999479,0,small_ctx256_train_step_fp32
Memcpy DtoD (Device -> Device),,50,0,120.70599999999104,0,120.70599999999104,small_ctx256_train_step_fp32
void cutlass::Kernel2<cutlass_80_tensorop_s1688gemm_128x256_16x3_nt_align4>(cutlass_80_tensorop_s1688gemm_128x256_16x3_nt_align4::Params),,24,0,1171.6809999999932,0,1171.6809999999932,small_ctx256_train_step_fp32
sm90_xmma_gemm_f32f32_tf32f32_f32_nn_n_tilesize128x128x32_warpgroupsize1x1x1_execute_segment_k_on_kernel__5x_cublas,,24,0,672.09399999995,0,672.09399999995,small_ctx256_train_step_fp32
sm90_xmma_gemm_f32f32_tf32f32_f32_nt_n_tilesize256x128x32_warpgroupsize2x1x1_execute_segment_k_off_kernel__5x_cublas,,48,0,2002.7520000000077,0,2002.7520000000077,small_ctx256_train_step_fp32
autograd::engine::evaluate_function: SigmoidBackward0,,24,489.6710000000203,418.3999999999687,120.2470000000103,0.0,small_ctx256_train_step_fp32
SigmoidBackward0,,24,245.1420000000071,217.6009999999842,46.215999999989435,0.0,small_ctx256_train_step_fp32
aten::sigmoid_backward,,24,198.92600000001767,217.6009999999842,121.4380000000092,217.6009999999842,small_ctx256_train_step_fp32
"void at::native::vectorized_elementwise_kernel<4, at::native::sigmoid_backward_kernel_cuda(at::TensorIteratorBase&)::{lambda()#2}::operator()() const::{lambda()#2}::operator()() const::{lambda(float, float)#1}, std::array<char*, 3ul> >(int, at::native::sigmoid_backward_kernel_cuda(at::TensorIteratorBase&)::{lambda()#2}::operator()() const::{lambda()#2}::operator()() const::{lambda(float, float)#1}, std::array<char*, 3ul>)",,24,0,217.6009999999842,0,217.6009999999842,small_ctx256_train_step_fp32
void cutlass::Kernel2<cutlass_80_tensorop_s1688gemm_64x256_32x4_nt_align4>(cutlass_80_tensorop_s1688gemm_64x256_32x4_nt_align4::Params),,96,0,1254.306999999997,0,1254.306999999997,small_ctx256_train_step_fp32
"void cublasLt::splitKreduce_kernel<32, 16, int, float, float, float, float, false, float, float, float, true, false, false>(cublasLt::cublasSplitKParams<float>, float const*, float const*, float*, float*, float const*, float const*, float const*, float const*, float*, void*, long, float*, int*, float*, float*, float const*, float const*, float const*, float const*, float const*)",,96,0,452.96000000002095,0,452.96000000002095,small_ctx256_train_step_fp32
autograd::engine::evaluate_function: UnsafeViewBackward0,,48,253.3429999999862,0,102.96999999995023,0,small_ctx256_train_step_fp32
UnsafeViewBackward0,,48,150.37300000003597,0,36.45100000000821,0,small_ctx256_train_step_fp32
autograd::engine::evaluate_function: CloneBackward0,,48,99.6679999999833,0,90.70799999996598,0,small_ctx256_train_step_fp32
CloneBackward0,,48,8.960000000017317,0,8.960000000017317,0,small_ctx256_train_step_fp32
void cutlass::Kernel2<cutlass_80_tensorop_s1688gemm_64x64_16x6_nt_align4>(cutlass_80_tensorop_s1688gemm_64x64_16x6_nt_align4::Params),,24,0,219.06999999999243,0,219.06999999999243,small_ctx256_train_step_fp32
autograd::engine::evaluate_function: DivBackward0,,48,1706.8459999999614,1617.1519999999182,249.49100000003818,0.0,small_ctx256_train_step_fp32
DivBackward0,,48,1239.2899999999681,1443.8409999999203,166.31899999990856,0.0,small_ctx256_train_step_fp32
autograd::engine::evaluate_function: WhereBackward0,,24,908.8930000000146,276.2520000000113,92.6079999999929,0.0,small_ctx256_train_step_fp32
WhereBackward0,,24,816.2850000000217,276.2520000000113,42.71100000002116,0.0,small_ctx256_train_step_fp32
void cutlass::Kernel2<cutlass_80_tensorop_s1688gemm_128x64_32x6_nt_align4>(cutlass_80_tensorop_s1688gemm_128x64_32x6_nt_align4::Params),,24,0,187.86999999995896,0,187.86999999995896,small_ctx256_train_step_fp32
autograd::engine::evaluate_function: CatBackward0,,48,621.717999999968,0,128.82699999995748,0,small_ctx256_train_step_fp32
CatBackward0,,48,492.89100000001054,0,134.24100000000908,0,small_ctx256_train_step_fp32
aten::narrow,,96,358.65000000000146,0,129.7039999999979,0,small_ctx256_train_step_fp32
aten::slice,,96,228.94600000000355,0,192.76200000001336,0,small_ctx256_train_step_fp32
"void at::native::elementwise_kernel<128, 2, at::native::gpu_kernel_impl_nocast<at::native::neg_kernel_cuda(at::TensorIteratorBase&)::{lambda()#2}::operator()() const::{lambda()#7}::operator()() const::{lambda(float)#1}>(at::TensorIteratorBase&, at::native::neg_kernel_cuda(at::TensorIteratorBase&)::{lambda()#2}::operator()() const::{lambda()#7}::operator()() const::{lambda(float)#1} const&)::{lambda(int)#1}>(int, at::native::gpu_kernel_impl_nocast<at::native::neg_kernel_cuda(at::TensorIteratorBase&)::{lambda()#2}::operator()() const::{lambda()#7}::operator()() const::{lambda(float)#1}>(at::TensorIteratorBase&, at::native::neg_kernel_cuda(at::TensorIteratorBase&)::{lambda()#2}::operator()() const::{lambda()#7}::operator()() const::{lambda(float)#1} const&)::{lambda(int)#1})",,48,0,141.3159999999807,0,141.3159999999807,small_ctx256_train_step_fp32
autograd::engine::evaluate_function: UnbindBackward0,,48,804.7919999999576,256.64000000006126,130.90699999995195,0.0,small_ctx256_train_step_fp32
UnbindBackward0,,48,673.8850000000057,256.64000000006126,75.8359999999775,0.0,small_ctx256_train_step_fp32
aten::stack,,48,598.0490000000282,256.64000000006126,142.35300000002462,0.0,small_ctx256_train_step_fp32
"void at::native::(anonymous namespace)::CatArrayBatchedCopy_vectorized<at::native::(anonymous namespace)::OpaqueType<4u>, unsigned int, 1, 128, 1, 16, 4>(char*, at::native::(anonymous namespace)::CatArrInputTensorMetadata<at::native::(anonymous namespace)::OpaqueType<4u>, unsigned int, 128, 1>, at::native::(anonymous namespace)::TensorSizeStride<unsigned int, 4u>, int, unsigned int)",,24,0,76.19100000003164,0,76.19100000003164,small_ctx256_train_step_fp32
autograd::engine::evaluate_function: IndexBackward0,,2,247.99000000001251,50.46300000001065,7.894000000000233,0.0,small_ctx256_train_step_fp32
IndexBackward0,,2,240.09600000001228,50.46300000001065,19.13799999999901,0.0,small_ctx256_train_step_fp32
aten::_index_put_impl_,,2,190.43200000000797,34.6559999999954,53.21499999992375,20.31999999997788,small_ctx256_train_step_fp32
aten::remainder,,2,22.514000000002852,4.830999999998312,15.235000000000582,4.830999999998312,small_ctx256_train_step_fp32
"void at::native::vectorized_elementwise_kernel<2, at::native::BUnaryFunctor<long, long, long, at::native::remainder_kernel_cuda(at::TensorIteratorBase&)::{lambda()#1}::operator()() const::{lambda()#4}::operator()() const::{lambda(long, long)#1}>, std::array<char*, 2ul> >(int, at::native::BUnaryFunctor<long, long, long, at::native::remainder_kernel_cuda(at::TensorIteratorBase&)::{lambda()#1}::operator()() const::{lambda()#4}::operator()() const::{lambda(long, long)#1}>, std::array<char*, 2ul>)",,2,0,4.830999999998312,0,4.830999999998312,small_ctx256_train_step_fp32
"void at::native::vectorized_elementwise_kernel<2, at::native::AUnaryFunctor<long, long, long, at::native::binary_internal::MulFunctor<long> >, std::array<char*, 2ul> >(int, at::native::AUnaryFunctor<long, long, long, at::native::binary_internal::MulFunctor<long> >, std::array<char*, 2ul>)",,2,0,2.62400000001071,0,2.62400000001071,small_ctx256_train_step_fp32
aten::divide_,,2,25.29700000002049,4.6080000000147265,2.7800000000279397,0.0,small_ctx256_train_step_fp32
aten::div_,,2,22.51699999999255,4.6080000000147265,14.939999999987776,4.6080000000147265,small_ctx256_train_step_fp32
"void at::native::vectorized_elementwise_kernel<2, at::native::BUnaryFunctor<long, long, long, at::native::binary_internal::div_trunc_kernel_cuda(at::TensorIteratorBase&)::{lambda()#1}::operator()() const::{lambda()#4}::operator()() const::{lambda(long, long)#1}>, std::array<char*, 2ul> >(int, at::native::BUnaryFunctor<long, long, long, at::native::binary_internal::div_trunc_kernel_cuda(at::TensorIteratorBase&)::{lambda()#1}::operator()() const::{lambda()#4}::operator()() const::{lambda(long, long)#1}>, std::array<char*, 2ul>)",,2,0,4.6080000000147265,0,4.6080000000147265,small_ctx256_train_step_fp32
cudaPeekAtLastError,,4,0.2810000000099535,0,0.2810000000099535,0,small_ctx256_train_step_fp32
"void at_cuda_detail::cub::DeviceRadixSortSingleTileKernel<at_cuda_detail::cub::DeviceRadixSortPolicy<long, at::cuda::cub::detail::OpaqueType<8>, unsigned long long>::Policy900, false, long, at::cuda::cub::detail::OpaqueType<8>, unsigned long long, at_cuda_detail::cub::detail::identity_decomposer_t>(long const*, long*, at::cuda::cub::detail::OpaqueType<8> const*, at::cuda::cub::detail::OpaqueType<8>*, unsigned long long, int, int, at_cuda_detail::cub::detail::identity_decomposer_t)",,2,0,11.039999999979045,0,11.039999999979045,small_ctx256_train_step_fp32
"void (anonymous namespace)::indexing_backward_kernel<float, 4>(long const*, long const*, float const*, float*, long, long, long, long, bool)",,2,0,9.279999999998836,0,9.279999999998836,small_ctx256_train_step_fp32
optimizer,optimizer,2,42840.494,15789.195000000153,3566.8110000004453,0.0,small_ctx256_train_step_fp32
aten::_to_copy,,2,101.17599999998492,1.4730000000054133,9.532999999973981,0.0,small_ctx256_train_step_fp32
cudaStreamIsCapturing,,7,7.22899999999936,0,7.22899999999936,0,small_ctx256_train_step_fp32
cudaStreamSynchronize,,4,28.69199999999546,0,28.69199999999546,0,small_ctx256_train_step_fp32
optimizer,optimizer,2,0,8576.903000000006,0,8576.903000000006,small_ctx256_train_step_fp32
Memcpy HtoD (Pageable -> Device),,2,0,1.4730000000054133,0,1.4730000000054133,small_ctx256_train_step_fp32
aten::lift_fresh,,2,0.48099999998521525,0,0.48099999998521525,0,small_ctx256_train_step_fp32
aten::detach_,,2,3.7239999999728752,0,2.109999999978754,0,small_ctx256_train_step_fp32
detach_,,2,1.613999999994121,0,1.613999999994121,0,small_ctx256_train_step_fp32
aten::sqrt,,224,1274.7020000000848,712.6400000000285,684.0889999999781,712.6400000000285,small_ctx256_train_step_fp32
"void at::native::vectorized_elementwise_kernel<4, at::native::sqrt_kernel_cuda(at::TensorIteratorBase&)::{lambda()#2}::operator()() const::{lambda()#2}::operator()() const::{lambda(float)#1}, std::array<char*, 2ul> >(int, at::native::sqrt_kernel_cuda(at::TensorIteratorBase&)::{lambda()#2}::operator()() const::{lambda()#2}::operator()() const::{lambda(float)#1}, std::array<char*, 2ul>)",,224,0,712.6400000000285,0,712.6400000000285,small_ctx256_train_step_fp32
aten::reciprocal,,2,17.49300000002404,3.232000000010885,10.574000000029628,3.232000000010885,small_ctx256_train_step_fp32
"void at::native::vectorized_elementwise_kernel<4, at::native::reciprocal_kernel_cuda(at::TensorIteratorBase&)::{lambda()#1}::operator()() const::{lambda()#2}::operator()() const::{lambda(float)#1}, std::array<char*, 2ul> >(int, at::native::reciprocal_kernel_cuda(at::TensorIteratorBase&)::{lambda()#1}::operator()() const::{lambda()#2}::operator()() const::{lambda(float)#1}, std::array<char*, 2ul>)",,2,0,3.232000000010885,0,3.232000000010885,small_ctx256_train_step_fp32
aten::lt,,2,23.176000000014028,3.3280000000013388,14.969000000033702,3.3280000000013388,small_ctx256_train_step_fp32
"void at::native::vectorized_elementwise_kernel<4, at::native::compare_scalar_kernel<float>(at::TensorIteratorBase&, at::native::(anonymous namespace)::OpType, float)::{lambda(float)#1}, std::array<char*, 2ul> >(int, at::native::compare_scalar_kernel<float>(at::TensorIteratorBase&, at::native::(anonymous namespace)::OpType, float)::{lambda(float)#1}, std::array<char*, 2ul>)",,2,0,3.3280000000013388,0,3.3280000000013388,small_ctx256_train_step_fp32
aten::is_nonzero,,2,53.01400000001013,5.664000000004307,3.0420000000085565,0.0,small_ctx256_train_step_fp32
aten::item,,2,49.97200000000157,5.664000000004307,4.25700000001234,0.0,small_ctx256_train_step_fp32
aten::_local_scalar_dense,,2,45.71499999998923,5.664000000004307,11.782000000013795,5.664000000004307,small_ctx256_train_step_fp32
Memcpy DtoH (Device -> Pinned),,2,0,5.664000000004307,0,5.664000000004307,small_ctx256_train_step_fp32
aten::mul_,,222,1043.0100000001257,1282.398999999983,474.1610000004075,1282.398999999983,small_ctx256_train_step_fp32
Optimizer.step#AdamW.step,,2,32675.48899999998,12081.164999999855,9324.049999999981,0.0,small_ctx256_train_step_fp32
aten::sub_,,444,2172.777999999991,1637.3710000001156,1003.6089999998658,1637.3710000001156,small_ctx256_train_step_fp32
aten::_has_compatible_shallow_copy_type,,444,42.101000000257045,0,42.101000000257045,0,small_ctx256_train_step_fp32
aten::zeros_like,,444,4362.7759999996415,978.9169999998776,658.9779999996317,0.0,small_ctx256_train_step_fp32
cudaMalloc,,3,420.7890000000043,0,420.7890000000043,0,small_ctx256_train_step_fp32
Optimizer.step#AdamW.step,,2,0,32302.583000000006,0,32302.583000000006,small_ctx256_train_step_fp32
aten::square,,222,1671.6179999999367,742.3329999998605,120.38999999989755,0.0,small_ctx256_train_step_fp32
cudaDeviceSynchronize,,3,17.52499999999418,0,17.52499999999418,0,small_ctx256_train_step_fp32
profile/measure,profile/measure,1,76371.139,11791.226999999897,2015.556000000026,0.0,small_ctx256_train_step_fp32
cudaEventRecordWithFlags,,2,9.733999999982188,0,9.733999999982188,0,small_ctx256_train_step_fp32
cudaEventQuery,,2,4.464000000007218,0,4.464000000007218,0,small_ctx256_train_step_fp32
cudaEventElapsedTime,,1,1.521999999997206,0,1.521999999997206,0,small_ctx256_train_step_fp32
profile/warmup,profile/warmup,1,77460.919,15764.423999999726,1770.7969999999914,0.0,small_ctx512_train_step_fp32
Optimizer.zero_grad#AdamW.zero_grad,,2,271.8769999999922,0,271.8769999999922,0,small_ctx512_train_step_fp32
forward,forward,2,43866.07099999999,15700.682999999972,11717.999000000123,0.0,small_ctx512_train_step_fp32
aten::index,,2,1599.5960000000014,16.831000000007407,82.66000000001509,11.263000000007196,small_ctx512_train_step_fp32
aten::as_strided,,4796,1660.3120000003805,0,1660.3120000003805,0,small_ctx512_train_step_fp32
aten::reshape,,1648,5877.8439999999255,1285.8019999999433,1925.4789999999296,0.0,small_ctx512_train_step_fp32
aten::view,,1724,1525.9749999999897,0,1525.9749999999897,0,small_ctx512_train_step_fp32
Activity Buffer Request,,1,1465.4379999999999,5.568000000000211,1465.4379999999999,5.568000000000211,small_ctx512_train_step_fp32
cudaLaunchKernel,,7650,20859.858000000666,0,20859.858000000666,0,small_ctx512_train_step_fp32
forward,forward,2,0,42555.945,0,42555.945,small_ctx512_train_step_fp32
"void at::native::vectorized_gather_kernel<16, long>(char*, char*, long*, int, long, long, long, long, bool)",,2,0,11.263000000007196,0,11.263000000007196,small_ctx512_train_step_fp32
aten::to,,746,192.39000000016267,1.5999999999912689,97.85800000016343,0.0,small_ctx512_train_step_fp32
aten::pow,,594,5049.55100000017,1981.8709999997573,2932.503999999569,1787.0869999997285,small_ctx512_train_step_fp32
aten::result_type,,594,64.07300000017494,0,64.07300000017494,0,small_ctx512_train_step_fp32
"void at::native::vectorized_elementwise_kernel<4, at::native::(anonymous namespace)::pow_tensor_scalar_kernel_impl<float, float>(at::TensorIteratorBase&, float)::{lambda(float)#1}, std::array<char*, 2ul> >(int, at::native::(anonymous namespace)::pow_tensor_scalar_kernel_impl<float, float>(at::TensorIteratorBase&, float)::{lambda(float)#1}, std::array<char*, 2ul>)",,494,0,1721.2039999997305,0,1721.2039999997305,small_ctx512_train_step_fp32
aten::mean,,52,668.1370000000225,243.3320000000167,479.3030000000549,243.3320000000167,small_ctx512_train_step_fp32
"void at::native::reduce_kernel<512, 1, at::native::ReduceOp<float, at::native::MeanOps<float, float, float, float>, unsigned int, float, 4, 4> >(at::native::ReduceOp<float, at::native::MeanOps<float, float, float, float>, unsigned int, float, 4, 4>)",,52,0,243.3320000000167,0,243.3320000000167,small_ctx512_train_step_fp32
aten::add,,862,5400.846999999667,3002.6760000002528,3236.4739999995386,3002.6760000002528,small_ctx512_train_step_fp32
"void at::native::vectorized_elementwise_kernel<4, at::native::CUDAFunctorOnSelf_add<float>, std::array<char*, 2ul> >(int, at::native::CUDAFunctorOnSelf_add<float>, std::array<char*, 2ul>)",,274,0,725.2159999999799,0,725.2159999999799,small_ctx512_train_step_fp32
aten::rsqrt,,50,451.9549999999831,70.84499999994841,304.6890000000167,70.84499999994841,small_ctx512_train_step_fp32
"void at::native::vectorized_elementwise_kernel<4, at::native::rsqrt_kernel_cuda(at::TensorIteratorBase&)::{lambda()#2}::operator()() const::{lambda()#2}::operator()() const::{lambda(float)#1}, std::array<char*, 2ul> >(int, at::native::rsqrt_kernel_cuda(at::TensorIteratorBase&)::{lambda()#2}::operator()() const::{lambda()#2}::operator()() const::{lambda(float)#1}, std::array<char*, 2ul>)",,50,0,70.84499999994841,0,70.84499999994841,small_ctx512_train_step_fp32
aten::mul,,2414,15866.679999999913,13677.033999999976,9336.566999999812,13677.033999999976,small_ctx512_train_step_fp32
"void at::native::elementwise_kernel<128, 2, at::native::gpu_kernel_impl_nocast<at::native::BinaryFunctor<float, float, float, at::native::binary_internal::MulFunctor<float> > >(at::TensorIteratorBase&, at::native::BinaryFunctor<float, float, float, at::native::binary_internal::MulFunctor<float> > const&)::{lambda(int)#1}>(int, at::native::gpu_kernel_impl_nocast<at::native::BinaryFunctor<float, float, float, at::native::binary_internal::MulFunctor<float> > >(at::TensorIteratorBase&, at::native::BinaryFunctor<float, float, float, at::native::binary_internal::MulFunctor<float> > const&)::{lambda(int)#1})",,808,0,4607.259000000102,0,4607.259000000102,small_ctx512_train_step_fp32
aten::einsum,,218,14471.77999999982,5308.89400000004,2883.700999999314,0.0,small_ctx512_train_step_fp32
aten::unsqueeze,,632,1512.0420000000222,0,1283.6690000000804,0,small_ctx512_train_step_fp32
aten::permute,,2468,5058.860000000179,0,4191.043999999924,0,small_ctx512_train_step_fp32
aten::_reshape_alias,,266,404.62400000014713,0,404.62400000014713,0,small_ctx512_train_step_fp32
aten::bmm,,654,13306.687000000024,19512.46600000012,8801.141000000056,19512.46600000012,small_ctx512_train_step_fp32
cudaFuncGetAttributes,,924,1365.110000000001,0,1365.110000000001,0,small_ctx512_train_step_fp32
cudaLaunchKernelExC,,462,1687.9810000000666,0,1687.9810000000666,0,small_ctx512_train_step_fp32
sm90_xmma_gemm_f32f32_tf32f32_f32_tn_n_tilesize64x256x32_warpgroupsize1x1x1_execute_segment_k_off_kernel__5x_cublas,,120,0,2234.307999999982,0,2234.307999999982,small_ctx512_train_step_fp32
aten::unbind,,96,639.2190000000096,0,292.19900000002144,0,small_ctx512_train_step_fp32
aten::select,,192,347.01999999998816,0,276.6939999999636,0,small_ctx512_train_step_fp32
aten::alias,,48,63.69400000001178,0,63.69400000001178,0,small_ctx512_train_step_fp32
aten::sub,,76,693.8849999999384,1311.042999999985,461.72899999992023,1311.042999999985,small_ctx512_train_step_fp32
"void at::native::vectorized_elementwise_kernel<4, at::native::CUDAFunctor_add<float>, std::array<char*, 3ul> >(int, at::native::CUDAFunctor_add<float>, std::array<char*, 3ul>)",,1572,0,6745.7269999999635,0,6745.7269999999635,small_ctx512_train_step_fp32
aten::concat,,48,609.3420000000078,476.4799999999741,59.1190000000297,0.0,small_ctx512_train_step_fp32
aten::cat,,96,981.187000000029,842.7859999999673,644.2390000000469,842.7859999999673,small_ctx512_train_step_fp32
"void at::native::(anonymous namespace)::CatArrayBatchedCopy<at::native::(anonymous namespace)::OpaqueType<4u>, unsigned int, 4, 64, 64>(at::native::(anonymous namespace)::OpaqueType<4u>*, at::native::(anonymous namespace)::CatArrInputTensorMetadata<at::native::(anonymous namespace)::OpaqueType<4u>, unsigned int, 64, 64>, at::native::(anonymous namespace)::TensorSizeStride<unsigned int, 4u>, int, unsigned int)",,72,0,739.8419999999605,0,739.8419999999605,small_ctx512_train_step_fp32
aten::arange,,52,671.618000000014,60.02399999998488,203.8739999999989,30.01199999999244,small_ctx512_train_step_fp32
aten::empty,,350,772.4250000000302,0,772.4250000000302,0,small_ctx512_train_step_fp32
aten::resize_,,74,168.97399999996742,0,168.97399999996742,0,small_ctx512_train_step_fp32
"void (anonymous namespace)::elementwise_kernel_with_index<int, at::native::arange_cuda_out(c10::Scalar const&, c10::Scalar const&, c10::Scalar const&, at::Tensor&)::{lambda()#1}::operator()() const::{lambda()#4}::operator()() const::{lambda(long)#1}>(int, at::native::arange_cuda_out(c10::Scalar const&, c10::Scalar const&, c10::Scalar const&, at::Tensor&)::{lambda()#1}::operator()() const::{lambda()#4}::operator()() const::{lambda(long)#1}, function_traits<at::native::arange_cuda_out(c10::Scalar const&, c10::Scalar const&, c10::Scalar const&, at::Tensor&)::{lambda()#1}::operator()() const::{lambda()#4}::operator()() const::{lambda(long)#1}>::result_type*)",,26,0,30.01199999999244,0,30.01199999999244,small_ctx512_train_step_fp32
aten::ge,,24,251.42000000001826,79.29599999999937,166.06600000002072,79.29599999999937,small_ctx512_train_step_fp32
"void at::native::elementwise_kernel<128, 4, at::native::gpu_kernel_impl_nocast<at::native::(anonymous namespace)::CompareFunctor<long> >(at::TensorIteratorBase&, at::native::(anonymous namespace)::CompareFunctor<long> const&)::{lambda(int)#1}>(int, at::native::gpu_kernel_impl_nocast<at::native::(anonymous namespace)::CompareFunctor<long> >(at::TensorIteratorBase&, at::native::(anonymous namespace)::CompareFunctor<long> const&)::{lambda(int)#1})",,24,0,79.29599999999937,0,79.29599999999937,small_ctx512_train_step_fp32
attention/scores,attention/scores,24,3208.68300000004,1281.8239999999778,1288.1900000001242,0.0,small_ctx512_train_step_fp32
cudaDeviceGetAttribute,,192,50.95300000002044,0,50.95300000002044,0,small_ctx512_train_step_fp32
cuLaunchKernel,,192,622.1299999998782,0,622.1299999998782,0,small_ctx512_train_step_fp32
attention/scores,attention/scores,24,0,1412.0620000000217,0,1412.0620000000217,small_ctx512_train_step_fp32
void cutlass::Kernel2<cutlass_80_tensorop_s1688gemm_256x64_16x4_tn_align4>(cutlass_80_tensorop_s1688gemm_256x64_16x4_tn_align4::Params),,48,0,1298.2050000000145,0,1298.2050000000145,small_ctx512_train_step_fp32
aten::div,,420,3162.3599999996713,6808.502999999876,1954.0269999996854,6808.502999999876,small_ctx512_train_step_fp32
"void at::native::vectorized_elementwise_kernel<4, at::native::BUnaryFunctor<float, float, float, at::native::binary_internal::MulFunctor<float> >, std::array<char*, 2ul> >(int, at::native::BUnaryFunctor<float, float, float, at::native::binary_internal::MulFunctor<float> >, std::array<char*, 2ul>)",,48,0,1242.1109999999799,0,1242.1109999999799,small_ctx512_train_step_fp32
attention/softmax,attention/softmax,24,3460.5599999999968,4710.879999999962,1047.0849999999364,0.0,small_ctx512_train_step_fp32
aten::where,,96,2470.810999999955,3719.767999999852,656.1350000000848,1828.3799999999446,small_ctx512_train_step_fp32
aten::scalar_tensor,,48,617.5719999999747,63.00799999996252,171.00100000001385,0.0,small_ctx512_train_step_fp32
aten::fill_,,524,2291.2449999998844,1432.846999999846,928.2759999997506,1432.846999999846,small_ctx512_train_step_fp32
attention/softmax,attention/softmax,24,0,5304.164999999991,0,5304.164999999991,small_ctx512_train_step_fp32
"void at::native::vectorized_elementwise_kernel<4, at::native::FillFunctor<float>, std::array<char*, 1ul> >(int, at::native::FillFunctor<float>, std::array<char*, 1ul>)",,524,0,1432.846999999846,0,1432.846999999846,small_ctx512_train_step_fp32
"void at::native::elementwise_kernel<128, 2, at::native::gpu_kernel_impl_nocast<at::native::(anonymous namespace)::where_kernel_impl(at::TensorIterator&)::{lambda()#1}::operator()() const::{lambda()#11}::operator()() const::{lambda(bool, float, float)#1}>(at::TensorIteratorBase&, at::native::(anonymous namespace)::where_kernel_impl(at::TensorIterator&)::{lambda()#1}::operator()() const::{lambda()#11}::operator()() const::{lambda(bool, float, float)#1} const&)::{lambda(int)#1}>(int, at::native::gpu_kernel_impl_nocast<at::native::(anonymous namespace)::where_kernel_impl(at::TensorIterator&)::{lambda()#1}::operator()() const::{lambda()#11}::operator()() const::{lambda(bool, float, float)#1}>(at::TensorIteratorBase&, at::native::(anonymous namespace)::where_kernel_impl(at::TensorIterator&)::{lambda()#1}::operator()() const::{lambda()#11}::operator()() const::{lambda(bool, float, float)#1} const&)::{lambda(int)#1})",,48,0,1828.3799999999446,0,1828.3799999999446,small_ctx512_train_step_fp32
aten::max,,26,450.199000000016,737.1510000000098,338.15500000002066,737.1510000000098,small_ctx512_train_step_fp32
"void at::native::reduce_kernel<512, 1, at::native::ReduceOp<float, at::native::MaxOps<float>, unsigned int, float, 4, 4> >(at::native::ReduceOp<float, at::native::MaxOps<float>, unsigned int, float, 4, 4>)",,26,0,737.1510000000098,0,737.1510000000098,small_ctx512_train_step_fp32
aten::exp,,26,293.7640000000183,669.3760000000002,202.8650000000216,669.3760000000002,small_ctx512_train_step_fp32
"void at::native::elementwise_kernel<128, 2, at::native::gpu_kernel_impl_nocast<at::native::CUDAFunctor_add<float> >(at::TensorIteratorBase&, at::native::CUDAFunctor_add<float> const&)::{lambda(int)#1}>(int, at::native::gpu_kernel_impl_nocast<at::native::CUDAFunctor_add<float> >(at::TensorIteratorBase&, at::native::CUDAFunctor_add<float> const&)::{lambda(int)#1})",,52,0,2070.9439999999686,0,2070.9439999999686,small_ctx512_train_step_fp32
aten::sum,,400,4522.7659999996895,3888.371000000353,2781.437999999416,3888.371000000353,small_ctx512_train_step_fp32
"void at::native::vectorized_elementwise_kernel<4, at::native::exp_kernel_cuda(at::TensorIteratorBase&)::{lambda()#2}::operator()() const::{lambda()#2}::operator()() const::{lambda(float)#1}, std::array<char*, 2ul> >(int, at::native::exp_kernel_cuda(at::TensorIteratorBase&)::{lambda()#2}::operator()() const::{lambda()#2}::operator()() const::{lambda(float)#1}, std::array<char*, 2ul>)",,26,0,669.3760000000002,0,669.3760000000002,small_ctx512_train_step_fp32
attention/value,attention/value,24,3298.4319999999625,758.2060000000483,813.3339999999589,0.0,small_ctx512_train_step_fp32
"void at::native::reduce_kernel<512, 1, at::native::ReduceOp<float, at::native::func_wrapper_t<float, at::native::sum_functor<float, float, float>::operator()(at::TensorIterator&)::{lambda(float, float)#1}>, unsigned int, float, 4, 4> >(at::native::ReduceOp<float, at::native::func_wrapper_t<float, at::native::sum_functor<float, float, float>::operator()(at::TensorIterator&)::{lambda(float, float)#1}>, unsigned int, float, 4, 4>)",,350,0,3160.4010000001117,0,3160.4010000001117,small_ctx512_train_step_fp32
"void at::native::elementwise_kernel<128, 2, at::native::gpu_kernel_impl_nocast<at::native::BinaryFunctor<float, float, float, at::native::binary_internal::DivFunctor<float> > >(at::TensorIteratorBase&, at::native::BinaryFunctor<float, float, float, at::native::binary_internal::DivFunctor<float> > const&)::{lambda(int)#1}>(int, at::native::gpu_kernel_impl_nocast<at::native::BinaryFunctor<float, float, float, at::native::binary_internal::DivFunctor<float> > >(at::TensorIteratorBase&, at::native::BinaryFunctor<float, float, float, at::native::binary_internal::DivFunctor<float> > const&)::{lambda(int)#1})",,96,0,4403.9700000000175,0,4403.9700000000175,small_ctx512_train_step_fp32
aten::clone,,192,2385.466999999936,1285.8019999999433,404.36099999994804,0.0,small_ctx512_train_step_fp32
aten::empty_like,,642,1919.5300000000625,0,623.6560000000372,0,small_ctx512_train_step_fp32
aten::copy_,,414,3041.9200000000537,3598.444999999947,1406.009000000051,3598.444999999947,small_ctx512_train_step_fp32
attention/value,attention/value,24,0,1024.575000000039,0,1024.575000000039,small_ctx512_train_step_fp32
"void at::native::elementwise_kernel<128, 2, at::native::gpu_kernel_impl_nocast<at::native::direct_copy_kernel_cuda(at::TensorIteratorBase&)::{lambda()#3}::operator()() const::{lambda()#7}::operator()() const::{lambda(float)#1}>(at::TensorIteratorBase&, at::native::direct_copy_kernel_cuda(at::TensorIteratorBase&)::{lambda()#3}::operator()() const::{lambda()#7}::operator()() const::{lambda(float)#1} const&)::{lambda(int)#1}>(int, at::native::gpu_kernel_impl_nocast<at::native::direct_copy_kernel_cuda(at::TensorIteratorBase&)::{lambda()#3}::operator()() const::{lambda()#7}::operator()() const::{lambda(float)#1}>(at::TensorIteratorBase&, at::native::direct_copy_kernel_cuda(at::TensorIteratorBase&)::{lambda()#3}::operator()() const::{lambda()#7}::operator()() const::{lambda(float)#1} const&)::{lambda(int)#1})",,362,0,3402.060999999927,0,3402.060999999927,small_ctx512_train_step_fp32
aten::_unsafe_view,,192,186.06500000000415,0,186.06500000000415,0,small_ctx512_train_step_fp32
sm90_xmma_gemm_f32f32_tf32f32_f32_nn_n_tilesize64x128x32_warpgroupsize1x1x1_execute_segment_k_off_kernel__5x_cublas,,144,0,2787.1080000000056,0,2787.1080000000056,small_ctx512_train_step_fp32
cudaMemsetAsync,,368,995.4280000002227,0,995.4280000002227,0,small_ctx512_train_step_fp32
Memset (Device),,368,0,299.3860000002105,0,299.3860000002105,small_ctx512_train_step_fp32
sm90_xmma_gemm_f32f32_tf32f32_f32_tn_n_tilesize128x128x32_warpgroupsize1x1x1_execute_segment_k_off_kernel__5x_cublas,,50,0,1621.6310000000403,0,1621.6310000000403,small_ctx512_train_step_fp32
aten::sigmoid,,24,270.87599999996473,280.2879999999923,175.7119999999859,280.2879999999923,small_ctx512_train_step_fp32
"void at::native::vectorized_elementwise_kernel<4, at::native::sigmoid_kernel_cuda(at::TensorIteratorBase&)::{lambda()#2}::operator()() const::{lambda()#2}::operator()() const::{lambda(float)#1}, std::array<char*, 2ul> >(int, at::native::sigmoid_kernel_cuda(at::TensorIteratorBase&)::{lambda()#2}::operator()() const::{lambda()#2}::operator()() const::{lambda(float)#1}, std::array<char*, 2ul>)",,24,0,280.2879999999923,0,280.2879999999923,small_ctx512_train_step_fp32
"void at::native::vectorized_elementwise_kernel<4, at::native::BinaryFunctor<float, float, float, at::native::binary_internal::MulFunctor<float> >, std::array<char*, 3ul> >(int, at::native::BinaryFunctor<float, float, float, at::native::binary_internal::MulFunctor<float> >, std::array<char*, 3ul>)",,392,0,5250.183999999944,0,5250.183999999944,small_ctx512_train_step_fp32
aten::log,,2,19.469000000011874,3.7439999999987776,12.723000000019965,3.7439999999987776,small_ctx512_train_step_fp32
aten::neg,,104,735.4189999999617,1721.950000000008,420.69900000001144,1721.950000000008,small_ctx512_train_step_fp32
aten::gather,,2,39.585000000002765,21.05599999998958,31.260000000005675,21.05599999998958,small_ctx512_train_step_fp32
backward,backward,2,63134.42599999999,2.367999999994936,63092.26599999999,0.0,small_ctx512_train_step_fp32
"void at::native::vectorized_elementwise_kernel<4, at::native::log_kernel_cuda(at::TensorIteratorBase&)::{lambda()#2}::operator()() const::{lambda()#2}::operator()() const::{lambda(float)#1}, std::array<char*, 2ul> >(int, at::native::log_kernel_cuda(at::TensorIteratorBase&)::{lambda()#2}::operator()() const::{lambda()#2}::operator()() const::{lambda(float)#1}, std::array<char*, 2ul>)",,2,0,3.7439999999987776,0,3.7439999999987776,small_ctx512_train_step_fp32
"void at::native::vectorized_elementwise_kernel<4, at::native::neg_kernel_cuda(at::TensorIteratorBase&)::{lambda()#2}::operator()() const::{lambda()#7}::operator()() const::{lambda(float)#1}, std::array<char*, 2ul> >(int, at::native::neg_kernel_cuda(at::TensorIteratorBase&)::{lambda()#2}::operator()() const::{lambda()#7}::operator()() const::{lambda(float)#1}, std::array<char*, 2ul>)",,56,0,1507.388999999981,0,1507.388999999981,small_ctx512_train_step_fp32
aten::ones_like,,2,42.16000000000349,2.367999999994936,4.927999999996246,0.0,small_ctx512_train_step_fp32
aten::empty_strided,,618,1281.3770000000004,0,1281.3770000000004,0,small_ctx512_train_step_fp32
"void at::native::_scatter_gather_elementwise_kernel<128, 8, at::native::_cuda_scatter_gather_internal_kernel<false, at::native::OpaqueType<4>, long>::operator()<at::native::TensorAssign>(at::TensorIterator&, long, long, long, at::native::TensorAssign const&)::{lambda(int)#1}>(int, at::native::_cuda_scatter_gather_internal_kernel<false, at::native::OpaqueType<4>, long>::operator()<at::native::TensorAssign>(at::TensorIterator&, long, long, long, at::native::TensorAssign const&)::{lambda(int)#1})",,2,0,21.05599999998958,0,21.05599999998958,small_ctx512_train_step_fp32
backward,backward,2,0,2.367999999994936,0,2.367999999994936,small_ctx512_train_step_fp32
autograd::engine::evaluate_function: MeanBackward0,,2,215.93000000000393,3.8079999999863503,42.24800000000323,0.0,small_ctx512_train_step_fp32
MeanBackward0,,2,173.6820000000007,3.8079999999863503,32.20099999999729,0.0,small_ctx512_train_step_fp32
aten::expand,,80,229.20999999996275,0,193.48099999992337,0,small_ctx512_train_step_fp32
"void at::native::elementwise_kernel<128, 2, at::native::gpu_kernel_impl_nocast<at::native::BUnaryFunctor<float, float, float, at::native::binary_internal::MulFunctor<float> > >(at::TensorIteratorBase&, at::native::BUnaryFunctor<float, float, float, at::native::binary_internal::MulFunctor<float> > const&)::{lambda(int)#1}>(int, at::native::gpu_kernel_impl_nocast<at::native::BUnaryFunctor<float, float, float, at::native::binary_internal::MulFunctor<float> > >(at::TensorIteratorBase&, at::native::BUnaryFunctor<float, float, float, at::native::binary_internal::MulFunctor<float> > const&)::{lambda(int)#1})",,52,0,289.50099999994563,0,289.50099999994563,small_ctx512_train_step_fp32
autograd::engine::evaluate_function: GatherBackward0,,2,123.83399999999892,55.26400000001013,19.519000000000233,0.0,small_ctx512_train_step_fp32
GatherBackward0,,2,104.31499999999869,55.26400000001013,10.199999999986176,0.0,small_ctx512_train_step_fp32
aten::gather_backward,,2,94.11500000001251,55.26400000001013,11.843000000015309,0.0,small_ctx512_train_step_fp32
aten::new_zeros,,4,70.92899999998917,53.02499999999782,12.719999999982974,0.0,small_ctx512_train_step_fp32
aten::new_empty,,4,20.624999999996362,0,5.6560000000063155,0,small_ctx512_train_step_fp32
aten::zero_,,474,2574.884999999769,1367.4709999998886,629.1449999998586,0.0,small_ctx512_train_step_fp32
aten::scatter_add_,,2,39.062000000005355,18.080000000005384,27.913000000000466,18.080000000005384,small_ctx512_train_step_fp32
"void at::native::_scatter_gather_elementwise_kernel<128, 8, at::native::_cuda_scatter_gather_internal_kernel<true, float, long>::operator()<at::native::ReduceAdd>(at::TensorIterator&, long, long, long, at::native::ReduceAdd const&)::{lambda(int)#1}>(int, at::native::_cuda_scatter_gather_internal_kernel<true, float, long>::operator()<at::native::ReduceAdd>(at::TensorIterator&, long, long, long, at::native::ReduceAdd const&)::{lambda(int)#1})",,2,0,18.080000000005384,0,18.080000000005384,small_ctx512_train_step_fp32
autograd::engine::evaluate_function: NegBackward0,,2,27.28800000000774,81.98400000000038,5.397000000015396,0.0,small_ctx512_train_step_fp32
NegBackward0,,2,21.890999999992346,81.98400000000038,2.4759999999951106,0.0,small_ctx512_train_step_fp32
autograd::engine::evaluate_function: SubBackward0,,76,1034.113000000034,1607.810000000005,230.38300000000163,0.0,small_ctx512_train_step_fp32
SubBackward0,,76,581.1010000000315,974.109999999997,77.23400000006222,0.0,small_ctx512_train_step_fp32
autograd::engine::evaluate_function: LogBackward0,,2,27.239000000005035,4.4170000000049185,6.863999999994121,0.0,small_ctx512_train_step_fp32
LogBackward0,,2,20.375000000010914,4.4170000000049185,2.9210000000093714,0.0,small_ctx512_train_step_fp32
autograd::engine::evaluate_function: SumBackward1,,26,356.338999999949,901.6329999999798,103.90799999994124,0.0,small_ctx512_train_step_fp32
SumBackward1,,26,89.67399999997724,0,31.945000000010623,0,small_ctx512_train_step_fp32
autograd::engine::evaluate_function: ExpBackward0,,26,311.83899999997084,1158.9150000000081,85.15199999996548,0.0,small_ctx512_train_step_fp32
ExpBackward0,,26,209.03900000000795,1044.354000000014,46.82400000005509,0.0,small_ctx512_train_step_fp32
aten::add_,,516,2520.7269999999844,3588.3269999997246,1180.9540000001834,3588.3269999997246,small_ctx512_train_step_fp32
autograd::engine::evaluate_function: MaxBackward0,,26,1117.8440000000155,1606.2130000000034,133.3940000000366,0.0,small_ctx512_train_step_fp32
MaxBackward0,,26,852.4529999999868,584.1309999999758,54.514000000013766,0.0,small_ctx512_train_step_fp32
aten::value_selecting_reduction_backward,,26,797.938999999973,584.1309999999758,70.95699999998033,0.0,small_ctx512_train_step_fp32
"void at::native::vectorized_elementwise_kernel<4, at::native::BinaryFunctor<float, float, float, at::native::binary_internal::DivFunctor<float> >, std::array<char*, 3ul> >(int, at::native::BinaryFunctor<float, float, float, at::native::binary_internal::DivFunctor<float> >, std::array<char*, 3ul>)",,224,0,872.920999999933,0,872.920999999933,small_ctx512_train_step_fp32
aten::zeros,,26,337.37800000001516,332.76900000001115,58.7239999999656,0.0,small_ctx512_train_step_fp32
aten::scatter_,,26,389.60399999997753,251.3619999999646,280.6189999999806,251.3619999999646,small_ctx512_train_step_fp32
autograd::engine::evaluate_function: ViewBackward0,,726,4305.357000000109,649.796999999915,1526.1120000001101,0.0,small_ctx512_train_step_fp32
ViewBackward0,,726,2779.244999999999,649.796999999915,592.8330000000715,0.0,small_ctx512_train_step_fp32
autograd::engine::evaluate_function: PermuteBackward0,,1234,5793.356999999909,0,2634.261999999806,0,small_ctx512_train_step_fp32
PermuteBackward0,,1234,3159.095000000103,0,953.8930000002438,0,small_ctx512_train_step_fp32
autograd::engine::evaluate_function: BmmBackward0,,218,10147.681999999975,14403.347000000122,837.869000000017,0.0,small_ctx512_train_step_fp32
BmmBackward0,,218,9309.812999999958,14403.347000000122,695.7999999998392,0.0,small_ctx512_train_step_fp32
aten::transpose,,436,888.8300000001218,0,735.7040000000707,0,small_ctx512_train_step_fp32
autograd::engine::evaluate_function: ReshapeAliasBackward0,,242,1870.4490000000478,282.08299999999144,649.1180000000677,0.0,small_ctx512_train_step_fp32
ReshapeAliasBackward0,,242,1221.3309999999801,282.08299999999144,179.16799999997238,0.0,small_ctx512_train_step_fp32
autograd::engine::evaluate_function: UnsqueezeBackward0,,606,3477.6260000001166,377.92000000001644,1585.4520000002667,0.0,small_ctx512_train_step_fp32
UnsqueezeBackward0,,606,1431.042999999896,0,339.8489999997946,0,small_ctx512_train_step_fp32
aten::squeeze,,606,1091.1940000001014,0,902.5719999999455,0,small_ctx512_train_step_fp32
"void at::native::_scatter_gather_elementwise_kernel<128, 8, at::native::_cuda_scatter_gather_internal_kernel<true, at::native::OpaqueType<4>, long>::operator()<at::native::TensorAssign>(at::TensorIterator&, long, long, long, at::native::TensorAssign const&)::{lambda(int)#1}>(int, at::native::_cuda_scatter_gather_internal_kernel<true, at::native::OpaqueType<4>, long>::operator()<at::native::TensorAssign>(at::TensorIterator&, long, long, long, at::native::TensorAssign const&)::{lambda(int)#1})",,26,0,251.3619999999646,0,251.3619999999646,small_ctx512_train_step_fp32
autograd::engine::evaluate_function: torch::autograd::AccumulateGrad,,222,2813.2359999999644,2116.2589999999836,382.00300000007337,0.0,small_ctx512_train_step_fp32
torch::autograd::AccumulateGrad,,222,2431.232999999891,2116.2589999999836,584.3449999999539,0.0,small_ctx512_train_step_fp32
aten::new_empty_strided,,170,621.1679999999433,0,211.65699999998833,0,small_ctx512_train_step_fp32
autograd::engine::evaluate_function: MulBackward0,,340,7221.004999999976,5370.338999999927,1458.7920000000013,0.0,small_ctx512_train_step_fp32
MulBackward0,,340,3819.4069999999883,4019.225999999966,630.9029999999548,0.0,small_ctx512_train_step_fp32
sm90_xmma_gemm_f32f32_tf32f32_f32_nt_n_tilesize128x256x32_warpgroupsize2x1x1_execute_segment_k_off_kernel__5x_cublas,,2,0,288.4800000000105,0,288.4800000000105,small_ctx512_train_step_fp32
aten::detach,,52,77.87899999997535,0,32.780999999991764,0,small_ctx512_train_step_fp32
detach,,52,45.097999999983585,0,45.097999999983585,0,small_ctx512_train_step_fp32
autograd::engine::evaluate_function: RsqrtBackward0,,50,1657.7229999999836,192.4750000000131,163.7369999999064,0.0,small_ctx512_train_step_fp32
RsqrtBackward0,,50,1493.9860000000772,192.4750000000131,209.84899999999834,0.0,small_ctx512_train_step_fp32
autograd::engine::evaluate_function: AddBackward0,,146,371.8629999999648,0,323.1039999999193,0,small_ctx512_train_step_fp32
AddBackward0,,146,48.75900000004549,0,48.75900000004549,0,small_ctx512_train_step_fp32
autograd::engine::evaluate_function: MeanBackward1,,50,909.7709999999424,285.6929999999593,123.93499999993946,0.0,small_ctx512_train_step_fp32
MeanBackward1,,50,785.836000000003,285.6929999999593,144.94100000001345,0.0,small_ctx512_train_step_fp32
autograd::engine::evaluate_function: PowBackward0,,50,2119.752999999957,743.0389999999497,262.8430000000444,0.0,small_ctx512_train_step_fp32
PowBackward0,,50,1617.9549999999908,543.97299999998,146.45900000001348,0.0,small_ctx512_train_step_fp32
sm90_xmma_gemm_f32f32_tf32f32_f32_nn_n_tilesize64x256x32_warpgroupsize1x1x1_execute_segment_k_off_kernel__5x_cublas,,50,0,2037.4439999999995,0,2037.4439999999995,small_ctx512_train_step_fp32
cudaMemcpyAsync,,54,461.9250000000211,0,461.9250000000211,0,small_ctx512_train_step_fp32
"void at::native::reduce_kernel<128, 4, at::native::ReduceOp<float, at::native::func_wrapper_t<float, at::native::sum_functor<float, float, float>::operator()(at::TensorIterator&)::{lambda(float, float)#1}>, unsigned int, float, 4, 4> >(at::native::ReduceOp<float, at::native::func_wrapper_t<float, at::native::sum_functor<float, float, float>::operator()(at::TensorIterator&)::{lambda(float, float)#1}>, unsigned int, float, 4, 4>)",,50,0,544.3840000000309,0,544.3840000000309,small_ctx512_train_step_fp32
"void at::native::vectorized_elementwise_kernel<4, at::native::(anonymous namespace)::pow_tensor_scalar_kernel_impl<float, float>(at::TensorIteratorBase&, float)::{lambda(float)#2}, std::array<char*, 2ul> >(int, at::native::(anonymous namespace)::pow_tensor_scalar_kernel_impl<float, float>(at::TensorIteratorBase&, float)::{lambda(float)#2}, std::array<char*, 2ul>)",,50,0,65.88299999999799,0,65.88299999999799,small_ctx512_train_step_fp32
"void at::native::vectorized_elementwise_kernel<4, at::native::AUnaryFunctor<float, float, float, at::native::binary_internal::MulFunctor<float> >, std::array<char*, 2ul> >(int, at::native::AUnaryFunctor<float, float, float, at::native::binary_internal::MulFunctor<float> >, std::array<char*, 2ul>)",,1434,0,5091.6239999999925,0,5091.6239999999925,small_ctx512_train_step_fp32
Memcpy DtoD (Device -> Device),,50,0,194.78400000002875,0,194.78400000002875,small_ctx512_train_step_fp32
sm90_xmma_gemm_f32f32_tf32f32_f32_nt_n_tilesize128x128x32_warpgroupsize1x1x1_execute_segment_k_on_kernel__5x_cublas,,72,0,4719.213999999996,0,4719.213999999996,small_ctx512_train_step_fp32
sm90_xmma_gemm_f32f32_tf32f32_f32_nn_n_tilesize128x128x32_warpgroupsize1x1x1_execute_segment_k_off_kernel__5x_cublas,,24,0,900.9920000000056,0,900.9920000000056,small_ctx512_train_step_fp32
autograd::engine::evaluate_function: SigmoidBackward0,,24,473.49999999994907,889.3730000000069,118.30799999996452,0.0,small_ctx512_train_step_fp32
SigmoidBackward0,,24,234.77499999997963,465.76000000004206,42.32299999998213,0.0,small_ctx512_train_step_fp32
aten::sigmoid_backward,,24,192.4519999999975,465.76000000004206,118.26899999999296,465.76000000004206,small_ctx512_train_step_fp32
"void at::native::vectorized_elementwise_kernel<4, at::native::sigmoid_backward_kernel_cuda(at::TensorIteratorBase&)::{lambda()#2}::operator()() const::{lambda()#2}::operator()() const::{lambda(float, float)#1}, std::array<char*, 3ul> >(int, at::native::sigmoid_backward_kernel_cuda(at::TensorIteratorBase&)::{lambda()#2}::operator()() const::{lambda()#2}::operator()() const::{lambda(float, float)#1}, std::array<char*, 3ul>)",,24,0,465.76000000004206,0,465.76000000004206,small_ctx512_train_step_fp32
void cutlass::Kernel2<cutlass_80_tensorop_s1688gemm_128x128_16x4_nt_align4>(cutlass_80_tensorop_s1688gemm_128x128_16x4_nt_align4::Params),,96,0,1872.8309999999983,0,1872.8309999999983,small_ctx512_train_step_fp32
"void cublasLt::splitKreduce_kernel<32, 16, int, float, float, float, float, false, float, float, float, true, false, false>(cublasLt::cublasSplitKParams<float>, float const*, float const*, float*, float*, float const*, float const*, float const*, float const*, float*, void*, long, float*, int*, float*, float*, float const*, float const*, float const*, float const*, float const*)",,96,0,601.8250000000953,0,601.8250000000953,small_ctx512_train_step_fp32
autograd::engine::evaluate_function: UnsafeViewBackward0,,48,257.03600000001825,0,97.57900000002337,0,small_ctx512_train_step_fp32
UnsafeViewBackward0,,48,159.45699999999488,0,35.968999999957305,0,small_ctx512_train_step_fp32
autograd::engine::evaluate_function: CloneBackward0,,48,98.18299999994997,0,89.50399999992806,0,small_ctx512_train_step_fp32
CloneBackward0,,48,8.679000000021915,0,8.679000000021915,0,small_ctx512_train_step_fp32
void cutlass::Kernel2<cutlass_80_tensorop_s1688gemm_64x64_16x6_nt_align4>(cutlass_80_tensorop_s1688gemm_64x64_16x6_nt_align4::Params),,24,0,501.1889999999912,0,501.1889999999912,small_ctx512_train_step_fp32
autograd::engine::evaluate_function: DivBackward0,,48,1890.7719999999754,5968.736000000019,257.49000000003434,0.0,small_ctx512_train_step_fp32
DivBackward0,,48,1419.6159999999618,5426.68500000003,164.4349999999613,0.0,small_ctx512_train_step_fp32
cudaStreamIsCapturing,,5,6.121999999992113,0,6.121999999992113,0,small_ctx512_train_step_fp32
cudaMalloc,,1,197.4439999999995,0,197.4439999999995,0,small_ctx512_train_step_fp32
autograd::engine::evaluate_function: WhereBackward0,,24,863.8430000000153,946.4619999999413,86.86100000000442,0.0,small_ctx512_train_step_fp32
WhereBackward0,,24,776.9820000000109,946.4619999999413,40.29500000002736,0.0,small_ctx512_train_step_fp32
autograd::engine::evaluate_function: CatBackward0,,48,609.5200000000332,0,123.70900000006804,0,small_ctx512_train_step_fp32
CatBackward0,,48,485.81099999996513,0,131.08399999999892,0,small_ctx512_train_step_fp32
void cutlass::Kernel2<cutlass_80_tensorop_s1688gemm_256x64_32x3_nt_align4>(cutlass_80_tensorop_s1688gemm_256x64_32x3_nt_align4::Params),,24,0,533.4389999999803,0,533.4389999999803,small_ctx512_train_step_fp32
aten::narrow,,96,354.7269999999662,0,122.29100000003382,0,small_ctx512_train_step_fp32
aten::slice,,96,232.4359999999324,0,199.47399999998015,0,small_ctx512_train_step_fp32
"void at::native::elementwise_kernel<128, 2, at::native::gpu_kernel_impl_nocast<at::native::neg_kernel_cuda(at::TensorIteratorBase&)::{lambda()#2}::operator()() const::{lambda()#7}::operator()() const::{lambda(float)#1}>(at::TensorIteratorBase&, at::native::neg_kernel_cuda(at::TensorIteratorBase&)::{lambda()#2}::operator()() const::{lambda()#7}::operator()() const::{lambda(float)#1} const&)::{lambda(int)#1}>(int, at::native::gpu_kernel_impl_nocast<at::native::neg_kernel_cuda(at::TensorIteratorBase&)::{lambda()#2}::operator()() const::{lambda()#7}::operator()() const::{lambda(float)#1}>(at::TensorIteratorBase&, at::native::neg_kernel_cuda(at::TensorIteratorBase&)::{lambda()#2}::operator()() const::{lambda()#7}::operator()() const::{lambda(float)#1} const&)::{lambda(int)#1})",,48,0,214.56100000002698,0,214.56100000002698,small_ctx512_train_step_fp32
autograd::engine::evaluate_function: UnbindBackward0,,48,808.7659999999887,366.3059999999932,138.30700000002253,0.0,small_ctx512_train_step_fp32
UnbindBackward0,,48,670.4589999999662,366.3059999999932,71.32699999998295,0.0,small_ctx512_train_step_fp32
aten::stack,,48,599.1319999999832,366.3059999999932,145.81099999997605,0.0,small_ctx512_train_step_fp32
"void at::native::(anonymous namespace)::CatArrayBatchedCopy_vectorized<at::native::(anonymous namespace)::OpaqueType<4u>, unsigned int, 1, 128, 1, 16, 4>(char*, at::native::(anonymous namespace)::CatArrInputTensorMetadata<at::native::(anonymous namespace)::OpaqueType<4u>, unsigned int, 128, 1>, at::native::(anonymous namespace)::TensorSizeStride<unsigned int, 4u>, int, unsigned int)",,24,0,102.94400000000678,0,102.94400000000678,small_ctx512_train_step_fp32
autograd::engine::evaluate_function: IndexBackward0,,2,228.1350000000093,56.41600000003382,8.05700000001525,0.0,small_ctx512_train_step_fp32
IndexBackward0,,2,220.07799999999406,56.41600000003382,14.085999999995693,0.0,small_ctx512_train_step_fp32
aten::_index_put_impl_,,2,178.27300000000105,40.575000000040745,45.86500000000524,26.111000000018976,small_ctx512_train_step_fp32
aten::remainder,,2,23.016000000010536,4.8009999999922,15.874000000003434,4.8009999999922,small_ctx512_train_step_fp32
"void at::native::vectorized_elementwise_kernel<2, at::native::BUnaryFunctor<long, long, long, at::native::remainder_kernel_cuda(at::TensorIteratorBase&)::{lambda()#1}::operator()() const::{lambda()#4}::operator()() const::{lambda(long, long)#1}>, std::array<char*, 2ul> >(int, at::native::BUnaryFunctor<long, long, long, at::native::remainder_kernel_cuda(at::TensorIteratorBase&)::{lambda()#1}::operator()() const::{lambda()#4}::operator()() const::{lambda(long, long)#1}>, std::array<char*, 2ul>)",,2,0,4.8009999999922,0,4.8009999999922,small_ctx512_train_step_fp32
"void at::native::vectorized_elementwise_kernel<2, at::native::AUnaryFunctor<long, long, long, at::native::binary_internal::MulFunctor<long> >, std::array<char*, 2ul> >(int, at::native::AUnaryFunctor<long, long, long, at::native::binary_internal::MulFunctor<long> >, std::array<char*, 2ul>)",,2,0,2.816000000013446,0,2.816000000013446,small_ctx512_train_step_fp32
aten::divide_,,2,36.42100000000937,4.512000000009721,2.405000000006112,0.0,small_ctx512_train_step_fp32
aten::div_,,2,34.01600000000326,4.512000000009721,12.201999999997497,4.512000000009721,small_ctx512_train_step_fp32
"void at::native::vectorized_elementwise_kernel<2, at::native::BUnaryFunctor<long, long, long, at::native::binary_internal::div_trunc_kernel_cuda(at::TensorIteratorBase&)::{lambda()#1}::operator()() const::{lambda()#4}::operator()() const::{lambda(long, long)#1}>, std::array<char*, 2ul> >(int, at::native::BUnaryFunctor<long, long, long, at::native::binary_internal::div_trunc_kernel_cuda(at::TensorIteratorBase&)::{lambda()#1}::operator()() const::{lambda()#4}::operator()() const::{lambda(long, long)#1}>, std::array<char*, 2ul>)",,2,0,4.512000000009721,0,4.512000000009721,small_ctx512_train_step_fp32
cudaPeekAtLastError,,4,0.27999999999883585,0,0.27999999999883585,0,small_ctx512_train_step_fp32
"void at_cuda_detail::cub::DeviceRadixSortSingleTileKernel<at_cuda_detail::cub::DeviceRadixSortPolicy<long, at::cuda::cub::detail::OpaqueType<8>, unsigned long long>::Policy900, false, long, at::cuda::cub::detail::OpaqueType<8>, unsigned long long, at_cuda_detail::cub::detail::identity_decomposer_t>(long const*, long*, at::cuda::cub::detail::OpaqueType<8> const*, at::cuda::cub::detail::OpaqueType<8>*, unsigned long long, int, int, at_cuda_detail::cub::detail::identity_decomposer_t)",,2,0,12.864000000008673,0,12.864000000008673,small_ctx512_train_step_fp32
"void (anonymous namespace)::indexing_backward_kernel<float, 4>(long const*, long const*, float const*, float*, long, long, long, long, bool)",,2,0,13.247000000010303,0,13.247000000010303,small_ctx512_train_step_fp32
optimizer,optimizer,2,40966.62700000003,15791.327999999849,3448.603000000039,0.0,small_ctx512_train_step_fp32
aten::_to_copy,,2,94.53199999999924,1.5999999999912689,8.839000000007218,0.0,small_ctx512_train_step_fp32
cudaStreamSynchronize,,4,29.73399999998219,0,29.73399999998219,0,small_ctx512_train_step_fp32
optimizer,optimizer,2,0,8324.422999999995,0,8324.422999999995,small_ctx512_train_step_fp32
Memcpy HtoD (Pageable -> Device),,2,0,1.5999999999912689,0,1.5999999999912689,small_ctx512_train_step_fp32
aten::lift_fresh,,2,0.5140000000028522,0,0.5140000000028522,0,small_ctx512_train_step_fp32
aten::detach_,,2,3.250999999974738,0,1.7049999999726424,0,small_ctx512_train_step_fp32
detach_,,2,1.5460000000020955,0,1.5460000000020955,0,small_ctx512_train_step_fp32
aten::sqrt,,224,1218.8250000000116,712.9939999999406,667.9039999999077,712.9939999999406,small_ctx512_train_step_fp32
"void at::native::vectorized_elementwise_kernel<4, at::native::sqrt_kernel_cuda(at::TensorIteratorBase&)::{lambda()#2}::operator()() const::{lambda()#2}::operator()() const::{lambda(float)#1}, std::array<char*, 2ul> >(int, at::native::sqrt_kernel_cuda(at::TensorIteratorBase&)::{lambda()#2}::operator()() const::{lambda()#2}::operator()() const::{lambda(float)#1}, std::array<char*, 2ul>)",,224,0,712.9939999999406,0,712.9939999999406,small_ctx512_train_step_fp32
aten::reciprocal,,2,18.58499999999185,3.1679999999905704,11.541000000004715,3.1679999999905704,small_ctx512_train_step_fp32
"void at::native::vectorized_elementwise_kernel<4, at::native::reciprocal_kernel_cuda(at::TensorIteratorBase&)::{lambda()#1}::operator()() const::{lambda()#2}::operator()() const::{lambda(float)#1}, std::array<char*, 2ul> >(int, at::native::reciprocal_kernel_cuda(at::TensorIteratorBase&)::{lambda()#1}::operator()() const::{lambda()#2}::operator()() const::{lambda(float)#1}, std::array<char*, 2ul>)",,2,0,3.1679999999905704,0,3.1679999999905704,small_ctx512_train_step_fp32
aten::lt,,2,23.622000000003027,3.360000000007858,14.218000000015309,3.360000000007858,small_ctx512_train_step_fp32
"void at::native::vectorized_elementwise_kernel<4, at::native::compare_scalar_kernel<float>(at::TensorIteratorBase&, at::native::(anonymous namespace)::OpType, float)::{lambda(float)#1}, std::array<char*, 2ul> >(int, at::native::compare_scalar_kernel<float>(at::TensorIteratorBase&, at::native::(anonymous namespace)::OpType, float)::{lambda(float)#1}, std::array<char*, 2ul>)",,2,0,3.360000000007858,0,3.360000000007858,small_ctx512_train_step_fp32
aten::is_nonzero,,2,52.321999999985565,5.984000000004016,3.047999999987951,0.0,small_ctx512_train_step_fp32
aten::item,,2,49.27399999999761,5.984000000004016,3.9390000000203145,0.0,small_ctx512_train_step_fp32
aten::_local_scalar_dense,,2,45.3349999999773,5.984000000004016,11.61699999999837,5.984000000004016,small_ctx512_train_step_fp32
Memcpy DtoH (Device -> Pinned),,2,0,5.984000000004016,0,5.984000000004016,small_ctx512_train_step_fp32
aten::mul_,,222,1022.7580000000744,1274.8490000000747,459.752000000095,1274.8490000000747,small_ctx512_train_step_fp32
Optimizer.step#AdamW.step,,2,31121.035999999993,12082.056999999797,9268.468000000794,0.0,small_ctx512_train_step_fp32
aten::sub_,,444,2030.5439999999435,1639.8409999999494,963.1849999996484,1639.8409999999494,small_ctx512_train_step_fp32
aten::_has_compatible_shallow_copy_type,,444,34.5799999998344,0,34.5799999998344,0,small_ctx512_train_step_fp32
aten::zeros_like,,444,4146.702000000107,981.6769999998796,629.3870000002134,0.0,small_ctx512_train_step_fp32
aten::square,,222,1631.3630000001722,748.4909999999072,123.51800000013463,0.0,small_ctx512_train_step_fp32
Optimizer.step#AdamW.step,,2,0,30793.276999999995,0,30793.276999999995,small_ctx512_train_step_fp32
cudaDeviceSynchronize,,3,16.48900000001595,0,16.48900000001595,0,small_ctx512_train_step_fp32
profile/measure,profile/measure,1,74234.04100000001,15729.955000000089,1654.5889999999781,0.0,small_ctx512_train_step_fp32
cudaEventRecordWithFlags,,2,9.93300000000454,0,9.93300000000454,0,small_ctx512_train_step_fp32
cudaEventQuery,,2,4.526000000012573,0,4.526000000012573,0,small_ctx512_train_step_fp32
cudaEventElapsedTime,,1,1.1790000000037253,0,1.1790000000037253,0,small_ctx512_train_step_fp32
profile/warmup,profile/warmup,1,94438.05,26951.428999999967,1878.8139999999985,0.0,small_ctx1024_train_step_fp32
Optimizer.zero_grad#AdamW.zero_grad,,2,277.7209999999991,0,277.7209999999991,0,small_ctx1024_train_step_fp32
forward,forward,2,45758.908,38154.76600000002,12105.225999999788,0.0,small_ctx1024_train_step_fp32
aten::index,,2,1604.496000000011,25.79200000000401,92.07000000001176,17.120000000003984,small_ctx1024_train_step_fp32
aten::as_strided,,4796,1655.3289999998935,0,1655.3289999998935,0,small_ctx1024_train_step_fp32
aten::reshape,,1648,6006.183000000431,2228.1230000000733,1996.5180000005496,0.0,small_ctx1024_train_step_fp32
aten::view,,1724,1567.2099999996776,0,1567.2099999996776,0,small_ctx1024_train_step_fp32
Activity Buffer Request,,1,1458.0290000000002,8.672000000000025,1458.0290000000002,8.672000000000025,small_ctx1024_train_step_fp32
cudaLaunchKernel,,7656,22801.885000001137,0,22801.885000001137,0,small_ctx1024_train_step_fp32
forward,forward,2,0,45702.036,0,45702.036,small_ctx1024_train_step_fp32
"void at::native::vectorized_gather_kernel<16, long>(char*, char*, long*, int, long, long, long, long, bool)",,2,0,17.120000000003984,0,17.120000000003984,small_ctx1024_train_step_fp32
aten::to,,746,27819.1480000001,1.5679999999993015,94.80100000011907,0.0,small_ctx1024_train_step_fp32
aten::pow,,594,5181.449999999887,2357.4790000002413,2921.245999999696,1946.1830000002647,small_ctx1024_train_step_fp32
aten::result_type,,594,64.32699999972192,0,64.32699999972192,0,small_ctx1024_train_step_fp32
"void at::native::vectorized_elementwise_kernel<4, at::native::(anonymous namespace)::pow_tensor_scalar_kernel_impl<float, float>(at::TensorIteratorBase&, float)::{lambda(float)#1}, std::array<char*, 2ul> >(int, at::native::(anonymous namespace)::pow_tensor_scalar_kernel_impl<float, float>(at::TensorIteratorBase&, float)::{lambda(float)#1}, std::array<char*, 2ul>)",,494,0,1863.4260000002669,0,1863.4260000002669,small_ctx1024_train_step_fp32
aten::mean,,52,665.1289999999644,267.06899999998404,479.06499999993184,267.06899999998404,small_ctx1024_train_step_fp32
"void at::native::reduce_kernel<512, 1, at::native::ReduceOp<float, at::native::MeanOps<float, float, float, float>, unsigned int, float, 4, 4> >(at::native::ReduceOp<float, at::native::MeanOps<float, float, float, float>, unsigned int, float, 4, 4>)",,52,0,267.06899999998404,0,267.06899999998404,small_ctx1024_train_step_fp32
aten::add,,862,5705.152999999864,3432.8390000002023,3286.694999999537,3432.8390000002023,small_ctx1024_train_step_fp32
"void at::native::vectorized_elementwise_kernel<4, at::native::CUDAFunctorOnSelf_add<float>, std::array<char*, 2ul> >(int, at::native::CUDAFunctorOnSelf_add<float>, std::array<char*, 2ul>)",,274,0,722.6229999999136,0,722.6229999999136,small_ctx1024_train_step_fp32
aten::rsqrt,,50,475.649999999981,68.41299999998637,317.07700000002296,68.41299999998637,small_ctx1024_train_step_fp32
"void at::native::vectorized_elementwise_kernel<4, at::native::rsqrt_kernel_cuda(at::TensorIteratorBase&)::{lambda()#2}::operator()() const::{lambda()#2}::operator()() const::{lambda(float)#1}, std::array<char*, 2ul> >(int, at::native::rsqrt_kernel_cuda(at::TensorIteratorBase&)::{lambda()#2}::operator()() const::{lambda()#2}::operator()() const::{lambda(float)#1}, std::array<char*, 2ul>)",,50,0,68.41299999998637,0,68.41299999998637,small_ctx1024_train_step_fp32
aten::mul,,2414,16418.256000000187,24116.566000000323,9441.277999999847,24116.566000000323,small_ctx1024_train_step_fp32
"void at::native::elementwise_kernel<128, 2, at::native::gpu_kernel_impl_nocast<at::native::BinaryFunctor<float, float, float, at::native::binary_internal::MulFunctor<float> > >(at::TensorIteratorBase&, at::native::BinaryFunctor<float, float, float, at::native::binary_internal::MulFunctor<float> > const&)::{lambda(int)#1}>(int, at::native::gpu_kernel_impl_nocast<at::native::BinaryFunctor<float, float, float, at::native::binary_internal::MulFunctor<float> > >(at::TensorIteratorBase&, at::native::BinaryFunctor<float, float, float, at::native::binary_internal::MulFunctor<float> > const&)::{lambda(int)#1})",,808,0,6630.120000000091,0,6630.120000000091,small_ctx1024_train_step_fp32
aten::einsum,,218,15161.900000000038,10030.386999999977,3008.185999999646,0.0,small_ctx1024_train_step_fp32
aten::unsqueeze,,632,1518.6080000002016,0,1301.5620000002323,0,small_ctx1024_train_step_fp32
aten::permute,,2468,5055.110000000206,0,4217.2470000003495,0,small_ctx1024_train_step_fp32
aten::_reshape_alias,,266,374.842000000006,0,374.842000000006,0,small_ctx1024_train_step_fp32
aten::bmm,,654,14711.947999999826,36663.53000000004,9274.433999999632,36663.53000000004,small_ctx1024_train_step_fp32
cudaFuncGetAttributes,,1020,1489.4940000000684,0,1489.4940000000684,0,small_ctx1024_train_step_fp32
cudaLaunchKernelExC,,510,1942.7130000000916,0,1942.7130000000916,0,small_ctx1024_train_step_fp32
sm90_xmma_gemm_f32f32_tf32f32_f32_tn_n_tilesize128x128x32_warpgroupsize1x1x1_execute_segment_k_off_kernel__5x_cublas,,168,0,6151.366999999994,0,6151.366999999994,small_ctx1024_train_step_fp32
aten::unbind,,96,648.2110000000384,0,294.1050000000305,0,small_ctx1024_train_step_fp32
aten::select,,192,354.10600000000795,0,273.21600000006765,0,small_ctx1024_train_step_fp32
aten::alias,,48,66.84199999998327,0,66.84199999998327,0,small_ctx1024_train_step_fp32
aten::sub,,76,716.1750000000166,4386.784999999986,474.823000000044,4386.784999999986,small_ctx1024_train_step_fp32
"void at::native::vectorized_elementwise_kernel<4, at::native::CUDAFunctor_add<float>, std::array<char*, 3ul> >(int, at::native::CUDAFunctor_add<float>, std::array<char*, 3ul>)",,1572,0,11108.502000000542,0,11108.502000000542,small_ctx1024_train_step_fp32
aten::concat,,48,621.7279999999719,751.3929999999891,62.65599999994356,0.0,small_ctx1024_train_step_fp32
aten::cat,,96,990.650000000077,1352.4489999999605,634.1169999999893,1352.4489999999605,small_ctx1024_train_step_fp32
"void at::native::(anonymous namespace)::CatArrayBatchedCopy<at::native::(anonymous namespace)::OpaqueType<4u>, unsigned int, 4, 64, 64>(at::native::(anonymous namespace)::OpaqueType<4u>*, at::native::(anonymous namespace)::CatArrInputTensorMetadata<at::native::(anonymous namespace)::OpaqueType<4u>, unsigned int, 64, 64>, at::native::(anonymous namespace)::TensorSizeStride<unsigned int, 4u>, int, unsigned int)",,72,0,1190.8819999999905,0,1190.8819999999905,small_ctx1024_train_step_fp32
aten::arange,,52,716.1219999999666,60.743999999967855,205.96499999995285,30.371999999983927,small_ctx1024_train_step_fp32
aten::empty,,350,799.2420000000957,0,799.2420000000957,0,small_ctx1024_train_step_fp32
aten::resize_,,74,176.06999999999152,0,176.06999999999152,0,small_ctx1024_train_step_fp32
"void (anonymous namespace)::elementwise_kernel_with_index<int, at::native::arange_cuda_out(c10::Scalar const&, c10::Scalar const&, c10::Scalar const&, at::Tensor&)::{lambda()#1}::operator()() const::{lambda()#4}::operator()() const::{lambda(long)#1}>(int, at::native::arange_cuda_out(c10::Scalar const&, c10::Scalar const&, c10::Scalar const&, at::Tensor&)::{lambda()#1}::operator()() const::{lambda()#4}::operator()() const::{lambda(long)#1}, function_traits<at::native::arange_cuda_out(c10::Scalar const&, c10::Scalar const&, c10::Scalar const&, at::Tensor&)::{lambda()#1}::operator()() const::{lambda()#4}::operator()() const::{lambda(long)#1}>::result_type*)",,26,0,30.371999999983927,0,30.371999999983927,small_ctx1024_train_step_fp32
aten::ge,,24,264.2689999999993,106.71800000001895,168.54600000001847,106.71800000001895,small_ctx1024_train_step_fp32
"void at::native::elementwise_kernel<128, 4, at::native::gpu_kernel_impl_nocast<at::native::(anonymous namespace)::CompareFunctor<long> >(at::TensorIteratorBase&, at::native::(anonymous namespace)::CompareFunctor<long> const&)::{lambda(int)#1}>(int, at::native::gpu_kernel_impl_nocast<at::native::(anonymous namespace)::CompareFunctor<long> >(at::TensorIteratorBase&, at::native::(anonymous namespace)::CompareFunctor<long> const&)::{lambda(int)#1})",,24,0,106.71800000001895,0,106.71800000001895,small_ctx1024_train_step_fp32
attention/scores,attention/scores,24,3793.5440000000135,3901.3820000000615,1419.0320000000347,0.0,small_ctx1024_train_step_fp32
cudaMemsetAsync,,618,1754.7439999999342,0,1754.7439999999342,0,small_ctx1024_train_step_fp32
attention/scores,attention/scores,24,0,4163.205000000042,0,4163.205000000042,small_ctx1024_train_step_fp32
Memset (Device),,618,0,637.5259999997388,0,637.5259999997388,small_ctx1024_train_step_fp32
sm90_xmma_gemm_f32f32_tf32f32_f32_tn_n_tilesize64x256x32_warpgroupsize1x1x1_execute_segment_k_off_kernel__5x_cublas,,48,0,3098.407000000003,0,3098.407000000003,small_ctx1024_train_step_fp32
aten::div,,420,3286.7149999995772,22745.840000000077,1951.812999999669,22745.840000000077,small_ctx1024_train_step_fp32
"void at::native::vectorized_elementwise_kernel<4, at::native::BUnaryFunctor<float, float, float, at::native::binary_internal::MulFunctor<float> >, std::array<char*, 2ul> >(int, at::native::BUnaryFunctor<float, float, float, at::native::binary_internal::MulFunctor<float> >, std::array<char*, 2ul>)",,48,0,4629.022999999993,0,4629.022999999993,small_ctx1024_train_step_fp32
attention/softmax,attention/softmax,24,3692.732000000001,17110.161999999982,1240.8649999999916,0.0,small_ctx1024_train_step_fp32
aten::where,,96,2543.36699999994,14177.287999999917,673.4480000001122,7055.044999999995,small_ctx1024_train_step_fp32
aten::scalar_tensor,,48,659.5669999999554,67.19799999992756,186.55799999987812,0.0,small_ctx1024_train_step_fp32
aten::fill_,,524,2487.245999999991,2264.390000000076,982.969999999963,2264.390000000076,small_ctx1024_train_step_fp32
attention/softmax,attention/softmax,24,0,17313.972,0,17313.972,small_ctx1024_train_step_fp32
"void at::native::vectorized_elementwise_kernel<4, at::native::FillFunctor<float>, std::array<char*, 1ul> >(int, at::native::FillFunctor<float>, std::array<char*, 1ul>)",,524,0,2264.390000000076,0,2264.390000000076,small_ctx1024_train_step_fp32
"void at::native::elementwise_kernel<128, 2, at::native::gpu_kernel_impl_nocast<at::native::(anonymous namespace)::where_kernel_impl(at::TensorIterator&)::{lambda()#1}::operator()() const::{lambda()#11}::operator()() const::{lambda(bool, float, float)#1}>(at::TensorIteratorBase&, at::native::(anonymous namespace)::where_kernel_impl(at::TensorIterator&)::{lambda()#1}::operator()() const::{lambda()#11}::operator()() const::{lambda(bool, float, float)#1} const&)::{lambda(int)#1}>(int, at::native::gpu_kernel_impl_nocast<at::native::(anonymous namespace)::where_kernel_impl(at::TensorIterator&)::{lambda()#1}::operator()() const::{lambda()#11}::operator()() const::{lambda(bool, float, float)#1}>(at::TensorIteratorBase&, at::native::(anonymous namespace)::where_kernel_impl(at::TensorIterator&)::{lambda()#1}::operator()() const::{lambda()#11}::operator()() const::{lambda(bool, float, float)#1} const&)::{lambda(int)#1})",,48,0,7055.044999999995,0,7055.044999999995,small_ctx1024_train_step_fp32
aten::max,,26,434.61000000002787,1972.7690000000139,329.723999999992,1972.7690000000139,small_ctx1024_train_step_fp32
aten::exp,,26,290.83599999998023,2422.277000000013,199.30700000000616,2422.277000000013,small_ctx1024_train_step_fp32
aten::sum,,400,4887.043999999998,7142.369999999624,2881.8599999996577,7142.369999999624,small_ctx1024_train_step_fp32
attention/value,attention/value,24,3656.505999999994,1887.3959999999906,983.3500000000013,0.0,small_ctx1024_train_step_fp32
"void at::native::reduce_kernel<512, 1, at::native::ReduceOp<float, at::native::MaxOps<float>, unsigned int, float, 4, 4> >(at::native::ReduceOp<float, at::native::MaxOps<float>, unsigned int, float, 4, 4>)",,26,0,1972.7690000000139,0,1972.7690000000139,small_ctx1024_train_step_fp32
aten::clone,,192,2431.3170000000246,2228.1230000000733,409.31200000001263,0.0,small_ctx1024_train_step_fp32
aten::empty_like,,642,1987.8829999999252,0,661.788999999606,0,small_ctx1024_train_step_fp32
aten::copy_,,414,30724.648999999947,4841.466999999947,1391.2639999999965,4841.466999999947,small_ctx1024_train_step_fp32
aten::_unsafe_view,,192,202.03800000010142,0,202.03800000010142,0,small_ctx1024_train_step_fp32
"void at::native::elementwise_kernel<128, 2, at::native::gpu_kernel_impl_nocast<at::native::CUDAFunctor_add<float> >(at::TensorIteratorBase&, at::native::CUDAFunctor_add<float> const&)::{lambda(int)#1}>(int, at::native::gpu_kernel_impl_nocast<at::native::CUDAFunctor_add<float> >(at::TensorIteratorBase&, at::native::CUDAFunctor_add<float> const&)::{lambda(int)#1})",,52,0,7828.618000000026,0,7828.618000000026,small_ctx1024_train_step_fp32
"void at::native::vectorized_elementwise_kernel<4, at::native::exp_kernel_cuda(at::TensorIteratorBase&)::{lambda()#2}::operator()() const::{lambda()#2}::operator()() const::{lambda(float)#1}, std::array<char*, 2ul> >(int, at::native::exp_kernel_cuda(at::TensorIteratorBase&)::{lambda()#2}::operator()() const::{lambda()#2}::operator()() const::{lambda(float)#1}, std::array<char*, 2ul>)",,26,0,2422.277000000013,0,2422.277000000013,small_ctx1024_train_step_fp32
"void at::native::reduce_kernel<512, 1, at::native::ReduceOp<float, at::native::func_wrapper_t<float, at::native::sum_functor<float, float, float>::operator()(at::TensorIterator&)::{lambda(float, float)#1}>, unsigned int, float, 4, 4> >(at::native::ReduceOp<float, at::native::func_wrapper_t<float, at::native::sum_functor<float, float, float>::operator()(at::TensorIterator&)::{lambda(float, float)#1}>, unsigned int, float, 4, 4>)",,350,0,6296.328999999903,0,6296.328999999903,small_ctx1024_train_step_fp32
"void at::native::elementwise_kernel<128, 2, at::native::gpu_kernel_impl_nocast<at::native::BinaryFunctor<float, float, float, at::native::binary_internal::DivFunctor<float> > >(at::TensorIteratorBase&, at::native::BinaryFunctor<float, float, float, at::native::binary_internal::DivFunctor<float> > const&)::{lambda(int)#1}>(int, at::native::gpu_kernel_impl_nocast<at::native::BinaryFunctor<float, float, float, at::native::binary_internal::DivFunctor<float> > >(at::TensorIteratorBase&, at::native::BinaryFunctor<float, float, float, at::native::binary_internal::DivFunctor<float> > const&)::{lambda(int)#1})",,96,0,16777.235000000102,0,16777.235000000102,small_ctx1024_train_step_fp32
aten::sigmoid,,24,270.6649999999863,620.7669999999707,181.63200000002598,620.7669999999707,small_ctx1024_train_step_fp32
attention/value,attention/value,24,0,1967.299999999951,0,1967.299999999951,small_ctx1024_train_step_fp32
"void at::native::elementwise_kernel<128, 2, at::native::gpu_kernel_impl_nocast<at::native::direct_copy_kernel_cuda(at::TensorIteratorBase&)::{lambda()#3}::operator()() const::{lambda()#7}::operator()() const::{lambda(float)#1}>(at::TensorIteratorBase&, at::native::direct_copy_kernel_cuda(at::TensorIteratorBase&)::{lambda()#3}::operator()() const::{lambda()#7}::operator()() const::{lambda(float)#1} const&)::{lambda(int)#1}>(int, at::native::gpu_kernel_impl_nocast<at::native::direct_copy_kernel_cuda(at::TensorIteratorBase&)::{lambda()#3}::operator()() const::{lambda()#7}::operator()() const::{lambda(float)#1}>(at::TensorIteratorBase&, at::native::direct_copy_kernel_cuda(at::TensorIteratorBase&)::{lambda()#3}::operator()() const::{lambda()#7}::operator()() const::{lambda(float)#1} const&)::{lambda(int)#1})",,362,0,4428.602999999971,0,4428.602999999971,small_ctx1024_train_step_fp32
sm90_xmma_gemm_f32f32_tf32f32_f32_nn_n_tilesize64x128x32_warpgroupsize1x1x1_execute_segment_k_off_kernel__5x_cublas,,48,0,3011.0450000000455,0,3011.0450000000455,small_ctx1024_train_step_fp32
"void at::native::vectorized_elementwise_kernel<4, at::native::sigmoid_kernel_cuda(at::TensorIteratorBase&)::{lambda()#2}::operator()() const::{lambda()#2}::operator()() const::{lambda(float)#1}, std::array<char*, 2ul> >(int, at::native::sigmoid_kernel_cuda(at::TensorIteratorBase&)::{lambda()#2}::operator()() const::{lambda()#2}::operator()() const::{lambda(float)#1}, std::array<char*, 2ul>)",,24,0,620.7669999999707,0,620.7669999999707,small_ctx1024_train_step_fp32
"void at::native::vectorized_elementwise_kernel<4, at::native::BinaryFunctor<float, float, float, at::native::binary_internal::MulFunctor<float> >, std::array<char*, 3ul> >(int, at::native::BinaryFunctor<float, float, float, at::native::binary_internal::MulFunctor<float> >, std::array<char*, 3ul>)",,392,0,13548.452000000074,0,13548.452000000074,small_ctx1024_train_step_fp32
aten::log,,2,19.74300000000585,4.288000000004104,12.705000000005384,4.288000000004104,small_ctx1024_train_step_fp32
aten::neg,,104,746.0679999999229,5524.57799999983,413.6119999999646,5524.57799999983,small_ctx1024_train_step_fp32
aten::gather,,2,30.73100000001068,23.13599999998769,21.692000000017288,23.13599999998769,small_ctx1024_train_step_fp32
backward,backward,2,65285.21999999999,2.6569999999992433,65241.86899999998,0.0,small_ctx1024_train_step_fp32
sm90_xmma_gemm_f32f32_tf32f32_f32_tn_n_tilesize128x128x32_warpgroupsize1x1x1_execute_segment_k_on_kernel__5x_cublas,,2,0,363.32800000000134,0,363.32800000000134,small_ctx1024_train_step_fp32
aten::ones_like,,2,43.35100000000966,2.6569999999992433,4.902000000001863,0.0,small_ctx1024_train_step_fp32
aten::empty_strided,,618,1317.453000000267,0,1317.453000000267,0,small_ctx1024_train_step_fp32
"void at::native::vectorized_elementwise_kernel<4, at::native::log_kernel_cuda(at::TensorIteratorBase&)::{lambda()#2}::operator()() const::{lambda()#2}::operator()() const::{lambda(float)#1}, std::array<char*, 2ul> >(int, at::native::log_kernel_cuda(at::TensorIteratorBase&)::{lambda()#2}::operator()() const::{lambda()#2}::operator()() const::{lambda(float)#1}, std::array<char*, 2ul>)",,2,0,4.288000000004104,0,4.288000000004104,small_ctx1024_train_step_fp32
"void at::native::vectorized_elementwise_kernel<4, at::native::neg_kernel_cuda(at::TensorIteratorBase&)::{lambda()#2}::operator()() const::{lambda()#7}::operator()() const::{lambda(float)#1}, std::array<char*, 2ul> >(int, at::native::neg_kernel_cuda(at::TensorIteratorBase&)::{lambda()#2}::operator()() const::{lambda()#7}::operator()() const::{lambda(float)#1}, std::array<char*, 2ul>)",,56,0,5182.310999999976,0,5182.310999999976,small_ctx1024_train_step_fp32
"void at::native::_scatter_gather_elementwise_kernel<128, 8, at::native::_cuda_scatter_gather_internal_kernel<false, at::native::OpaqueType<4>, long>::operator()<at::native::TensorAssign>(at::TensorIterator&, long, long, long, at::native::TensorAssign const&)::{lambda(int)#1}>(int, at::native::_cuda_scatter_gather_internal_kernel<false, at::native::OpaqueType<4>, long>::operator()<at::native::TensorAssign>(at::TensorIterator&, long, long, long, at::native::TensorAssign const&)::{lambda(int)#1})",,2,0,23.13599999998769,0,23.13599999998769,small_ctx1024_train_step_fp32
autograd::engine::evaluate_function: MeanBackward0,,2,203.91000000000713,3.90400000000227,48.03300000001764,0.0,small_ctx1024_train_step_fp32
backward,backward,2,0,2.6569999999992433,0,2.6569999999992433,small_ctx1024_train_step_fp32
MeanBackward0,,2,155.8769999999895,3.90400000000227,35.434999999994034,0.0,small_ctx1024_train_step_fp32
aten::expand,,80,217.79000000000815,0,182.8650000000016,0,small_ctx1024_train_step_fp32
"void at::native::elementwise_kernel<128, 2, at::native::gpu_kernel_impl_nocast<at::native::BUnaryFunctor<float, float, float, at::native::binary_internal::MulFunctor<float> > >(at::TensorIteratorBase&, at::native::BUnaryFunctor<float, float, float, at::native::binary_internal::MulFunctor<float> > const&)::{lambda(int)#1}>(int, at::native::gpu_kernel_impl_nocast<at::native::BUnaryFunctor<float, float, float, at::native::binary_internal::MulFunctor<float> > >(at::TensorIteratorBase&, at::native::BUnaryFunctor<float, float, float, at::native::binary_internal::MulFunctor<float> > const&)::{lambda(int)#1})",,52,0,481.8590000001095,0,481.8590000001095,small_ctx1024_train_step_fp32
autograd::engine::evaluate_function: GatherBackward0,,2,160.79599999999846,89.825000000008,21.145000000000437,0.0,small_ctx1024_train_step_fp32
GatherBackward0,,2,139.65099999999802,89.825000000008,18.963000000010652,0.0,small_ctx1024_train_step_fp32
aten::gather_backward,,2,120.68799999998737,89.825000000008,19.042999999986932,0.0,small_ctx1024_train_step_fp32
aten::new_zeros,,4,83.52700000000186,87.74499999998807,16.352999999984604,0.0,small_ctx1024_train_step_fp32
aten::new_empty,,4,27.23300000000745,0,11.686000000005151,0,small_ctx1024_train_step_fp32
aten::zero_,,474,2762.3449999998775,2194.535000000149,635.6729999999188,0.0,small_ctx1024_train_step_fp32
aten::scatter_add_,,2,46.748999999999796,18.208000000002357,24.039999999997235,18.208000000002357,small_ctx1024_train_step_fp32
"void at::native::_scatter_gather_elementwise_kernel<128, 8, at::native::_cuda_scatter_gather_internal_kernel<true, float, long>::operator()<at::native::ReduceAdd>(at::TensorIterator&, long, long, long, at::native::ReduceAdd const&)::{lambda(int)#1}>(int, at::native::_cuda_scatter_gather_internal_kernel<true, float, long>::operator()<at::native::ReduceAdd>(at::TensorIterator&, long, long, long, at::native::ReduceAdd const&)::{lambda(int)#1})",,2,0,18.208000000002357,0,18.208000000002357,small_ctx1024_train_step_fp32
autograd::engine::evaluate_function: NegBackward0,,2,31.154000000005908,158.62499999999272,5.687000000005355,0.0,small_ctx1024_train_step_fp32
NegBackward0,,2,25.467000000000553,158.62499999999272,2.8550000000032014,0.0,small_ctx1024_train_step_fp32
autograd::engine::evaluate_function: SubBackward0,,76,1043.568000000043,4671.326999999812,237.6390000000356,0.0,small_ctx1024_train_step_fp32
SubBackward0,,76,582.7140000000109,2944.4119999998547,72.74700000007942,0.0,small_ctx1024_train_step_fp32
autograd::engine::evaluate_function: LogBackward0,,2,32.55899999999747,4.672000000009575,8.373999999999796,0.0,small_ctx1024_train_step_fp32
LogBackward0,,2,24.18499999999767,4.672000000009575,3.69899999998961,0.0,small_ctx1024_train_step_fp32
autograd::engine::evaluate_function: SumBackward1,,26,369.8020000000324,3645.8960000000843,108.9709999999759,0.0,small_ctx1024_train_step_fp32
SumBackward1,,26,99.1420000000362,0,31.069000000050437,0,small_ctx1024_train_step_fp32
autograd::engine::evaluate_function: ExpBackward0,,26,319.60000000006403,3870.6589999999924,81.0190000000548,0.0,small_ctx1024_train_step_fp32
ExpBackward0,,26,218.65300000001298,3644.3869999999843,50.71200000000681,0.0,small_ctx1024_train_step_fp32
aten::add_,,516,2652.0959999999104,10199.919000000282,1199.4939999999333,10199.919000000282,small_ctx1024_train_step_fp32
autograd::engine::evaluate_function: MaxBackward0,,26,1150.2729999999756,5076.134000000078,145.14499999996042,0.0,small_ctx1024_train_step_fp32
MaxBackward0,,26,865.5750000000189,1398.1130000000194,68.78400000000693,0.0,small_ctx1024_train_step_fp32
aten::value_selecting_reduction_backward,,26,796.791000000012,1398.1130000000194,72.91699999994307,0.0,small_ctx1024_train_step_fp32
aten::zeros,,26,343.0360000000401,1133.3130000000165,63.432000000098924,0.0,small_ctx1024_train_step_fp32
aten::scatter_,,26,380.83800000002884,264.8000000000029,260.45800000002055,264.8000000000029,small_ctx1024_train_step_fp32
autograd::engine::evaluate_function: ViewBackward0,,726,4415.710999999734,1154.7410000000746,1609.4040000001114,0.0,small_ctx1024_train_step_fp32
ViewBackward0,,726,2806.3069999996223,1154.7410000000746,605.6489999993464,0.0,small_ctx1024_train_step_fp32
autograd::engine::evaluate_function: PermuteBackward0,,1234,5878.5739999994075,0,2743.7189999990514,0,small_ctx1024_train_step_fp32
PermuteBackward0,,1234,3134.855000000356,0,957.3070000002735,0,small_ctx1024_train_step_fp32
"void at::native::vectorized_elementwise_kernel<4, at::native::BinaryFunctor<float, float, float, at::native::binary_internal::DivFunctor<float> >, std::array<char*, 3ul> >(int, at::native::BinaryFunctor<float, float, float, at::native::binary_internal::DivFunctor<float> >, std::array<char*, 3ul>)",,224,0,857.7229999998708,0,857.7229999998708,small_ctx1024_train_step_fp32
autograd::engine::evaluate_function: BmmBackward0,,218,11200.119000000097,26951.994000000046,899.8779999999933,0.0,small_ctx1024_train_step_fp32
BmmBackward0,,218,10300.241000000104,26951.994000000046,707.778000000224,0.0,small_ctx1024_train_step_fp32
aten::transpose,,436,919.3510000000788,0,759.2290000002031,0,small_ctx1024_train_step_fp32
autograd::engine::evaluate_function: ReshapeAliasBackward0,,242,1913.4370000000854,466.4329999999827,673.4830000000366,0.0,small_ctx1024_train_step_fp32
ReshapeAliasBackward0,,242,1239.9540000000488,466.4329999999827,180.79600000003484,0.0,small_ctx1024_train_step_fp32
autograd::engine::evaluate_function: UnsqueezeBackward0,,606,3601.187999999933,645.1890000000749,1654.8560000002108,0.0,small_ctx1024_train_step_fp32
UnsqueezeBackward0,,606,1459.5859999997774,0,358.7299999996976,0,small_ctx1024_train_step_fp32
aten::squeeze,,606,1100.8560000000798,0,913.0720000000001,0,small_ctx1024_train_step_fp32
autograd::engine::evaluate_function: torch::autograd::AccumulateGrad,,222,2905.370000000039,2200.4799999998977,396.82600000017555,0.0,small_ctx1024_train_step_fp32
torch::autograd::AccumulateGrad,,222,2508.5439999998634,2200.4799999998977,613.7719999999426,0.0,small_ctx1024_train_step_fp32
aten::new_empty_strided,,170,629.5910000000731,0,210.05800000008094,0,small_ctx1024_train_step_fp32
autograd::engine::evaluate_function: MulBackward0,,340,7385.65600000005,9013.812000000107,1503.4189999998634,0.0,small_ctx1024_train_step_fp32
MulBackward0,,340,3979.9360000002016,7121.346000000096,651.4440000002469,0.0,small_ctx1024_train_step_fp32
aten::detach,,52,84.06699999988996,0,34.31199999994351,0,small_ctx1024_train_step_fp32
detach,,52,49.75499999994645,0,49.75499999994645,0,small_ctx1024_train_step_fp32
autograd::engine::evaluate_function: RsqrtBackward0,,50,1629.2289999999339,221.6670000000231,147.01799999992,0.0,small_ctx1024_train_step_fp32
RsqrtBackward0,,50,1482.2110000000139,221.6670000000231,212.04299999975046,0.0,small_ctx1024_train_step_fp32
autograd::engine::evaluate_function: AddBackward0,,146,388.0270000000128,0,337.320999999949,0,small_ctx1024_train_step_fp32
AddBackward0,,146,50.706000000063796,0,50.706000000063796,0,small_ctx1024_train_step_fp32
autograd::engine::evaluate_function: MeanBackward1,,50,897.1530000000275,477.95500000010725,125.7260000000424,0.0,small_ctx1024_train_step_fp32
MeanBackward1,,50,771.4269999999851,477.95500000010725,153.52500000000146,0.0,small_ctx1024_train_step_fp32
autograd::engine::evaluate_function: PowBackward0,,50,2177.635999999926,1578.8799999999064,271.9119999998147,0.0,small_ctx1024_train_step_fp32
PowBackward0,,50,1660.394000000073,1138.8459999999286,150.9530000001614,0.0,small_ctx1024_train_step_fp32
cudaMemcpyAsync,,54,471.98399999990215,0,471.98399999990215,0,small_ctx1024_train_step_fp32
"void at::native::_scatter_gather_elementwise_kernel<128, 8, at::native::_cuda_scatter_gather_internal_kernel<true, at::native::OpaqueType<4>, long>::operator()<at::native::TensorAssign>(at::TensorIterator&, long, long, long, at::native::TensorAssign const&)::{lambda(int)#1}>(int, at::native::_cuda_scatter_gather_internal_kernel<true, at::native::OpaqueType<4>, long>::operator()<at::native::TensorAssign>(at::TensorIterator&, long, long, long, at::native::TensorAssign const&)::{lambda(int)#1})",,26,0,264.8000000000029,0,264.8000000000029,small_ctx1024_train_step_fp32
sm90_xmma_gemm_f32f32_tf32f32_f32_nt_n_tilesize128x256x32_warpgroupsize2x1x1_execute_segment_k_off_kernel__5x_cublas,,2,0,540.130000000001,0,540.130000000001,small_ctx1024_train_step_fp32
sm90_xmma_gemm_f32f32_tf32f32_f32_nn_n_tilesize128x256x32_warpgroupsize2x1x1_execute_segment_k_off_kernel__5x_cublas,,2,0,381.53600000000006,0,381.53600000000006,small_ctx1024_train_step_fp32
autograd::engine::evaluate_function: SigmoidBackward0,,24,498.6590000000433,1763.7740000000194,123.85700000010911,0.0,small_ctx1024_train_step_fp32
SigmoidBackward0,,24,249.74699999995573,889.8240000000042,50.860999999964406,0.0,small_ctx1024_train_step_fp32
aten::sigmoid_backward,,24,198.88599999999133,889.8240000000042,116.25199999997858,889.8240000000042,small_ctx1024_train_step_fp32
"void at::native::reduce_kernel<128, 4, at::native::ReduceOp<float, at::native::func_wrapper_t<float, at::native::sum_functor<float, float, float>::operator()(at::TensorIterator&)::{lambda(float, float)#1}>, unsigned int, float, 4, 4> >(at::native::ReduceOp<float, at::native::func_wrapper_t<float, at::native::sum_functor<float, float, float>::operator()(at::TensorIterator&)::{lambda(float, float)#1}>, unsigned int, float, 4, 4>)",,50,0,659.6120000000374,0,659.6120000000374,small_ctx1024_train_step_fp32
"void at::native::vectorized_elementwise_kernel<4, at::native::(anonymous namespace)::pow_tensor_scalar_kernel_impl<float, float>(at::TensorIteratorBase&, float)::{lambda(float)#2}, std::array<char*, 2ul> >(int, at::native::(anonymous namespace)::pow_tensor_scalar_kernel_impl<float, float>(at::TensorIteratorBase&, float)::{lambda(float)#2}, std::array<char*, 2ul>)",,50,0,82.75699999999779,0,82.75699999999779,small_ctx1024_train_step_fp32
"void at::native::vectorized_elementwise_kernel<4, at::native::AUnaryFunctor<float, float, float, at::native::binary_internal::MulFunctor<float> >, std::array<char*, 2ul> >(int, at::native::AUnaryFunctor<float, float, float, at::native::binary_internal::MulFunctor<float> >, std::array<char*, 2ul>)",,1434,0,5212.0670000002065,0,5212.0670000002065,small_ctx1024_train_step_fp32
Memcpy DtoD (Device -> Device),,50,0,411.29599999997663,0,411.29599999997663,small_ctx1024_train_step_fp32
sm90_xmma_gemm_f32f32_tf32f32_f32_nt_n_tilesize128x128x32_warpgroupsize1x1x1_execute_segment_k_on_kernel__5x_cublas,,72,0,8004.585000000039,0,8004.585000000039,small_ctx1024_train_step_fp32
cudaDeviceGetAttribute,,146,31.792000000030384,0,31.792000000030384,0,small_ctx1024_train_step_fp32
cuLaunchKernel,,144,456.77500000005966,0,456.77500000005966,0,small_ctx1024_train_step_fp32
sm90_xmma_gemm_f32f32_tf32f32_f32_nn_n_tilesize128x128x32_warpgroupsize1x1x1_execute_segment_k_off_kernel__5x_cublas,,24,0,1530.1479999999865,0,1530.1479999999865,small_ctx1024_train_step_fp32
autograd::engine::evaluate_function: UnsafeViewBackward0,,48,270.3000000000211,0,103.53499999999258,0,small_ctx1024_train_step_fp32
UnsafeViewBackward0,,48,166.76500000002852,0,38.199000000051456,0,small_ctx1024_train_step_fp32
autograd::engine::evaluate_function: CloneBackward0,,48,100.51999999999316,0,91.48699999997189,0,small_ctx1024_train_step_fp32
CloneBackward0,,48,9.033000000021275,0,9.033000000021275,0,small_ctx1024_train_step_fp32
sm90_xmma_gemm_f32f32_tf32f32_f32_nn_n_tilesize128x128x32_warpgroupsize1x1x1_execute_segment_k_on_kernel__5x_cublas,,144,0,6275.521999999946,0,6275.521999999946,small_ctx1024_train_step_fp32
autograd::engine::evaluate_function: DivBackward0,,48,1910.0610000000852,21942.03500000009,254.3060000000769,0.0,small_ctx1024_train_step_fp32
DivBackward0,,48,1254.1929999999702,20476.68900000006,168.45899999999529,0.0,small_ctx1024_train_step_fp32
"void at::native::vectorized_elementwise_kernel<4, at::native::sigmoid_backward_kernel_cuda(at::TensorIteratorBase&)::{lambda()#2}::operator()() const::{lambda()#2}::operator()() const::{lambda(float, float)#1}, std::array<char*, 3ul> >(int, at::native::sigmoid_backward_kernel_cuda(at::TensorIteratorBase&)::{lambda()#2}::operator()() const::{lambda()#2}::operator()() const::{lambda(float, float)#1}, std::array<char*, 3ul>)",,24,0,889.8240000000042,0,889.8240000000042,small_ctx1024_train_step_fp32
autograd::engine::evaluate_function: WhereBackward0,,24,890.9180000000197,3556.6079999999456,92.83600000003571,0.0,small_ctx1024_train_step_fp32
WhereBackward0,,24,798.081999999984,3556.6079999999456,42.53199999997014,0.0,small_ctx1024_train_step_fp32
autograd::engine::evaluate_function: CatBackward0,,48,648.3609999999717,0,132.29800000003888,0,small_ctx1024_train_step_fp32
CatBackward0,,48,516.0629999999328,0,151.98699999999735,0,small_ctx1024_train_step_fp32
aten::narrow,,96,364.07599999993545,0,124.67199999987861,0,small_ctx1024_train_step_fp32
aten::slice,,96,239.40400000005684,0,199.01000000011481,0,small_ctx1024_train_step_fp32
autograd::engine::evaluate_function: UnbindBackward0,,48,790.9509999999864,601.0559999999714,138.29599999991842,0.0,small_ctx1024_train_step_fp32
UnbindBackward0,,48,652.655000000068,601.0559999999714,68.29000000003725,0.0,small_ctx1024_train_step_fp32
aten::stack,,48,584.3650000000307,601.0559999999714,135.6330000000562,0.0,small_ctx1024_train_step_fp32
void cutlass::Kernel2<cutlass_80_tensorop_s1688gemm_128x128_16x5_nt_align4>(cutlass_80_tensorop_s1688gemm_128x128_16x5_nt_align4::Params),,96,0,3125.449000000095,0,3125.449000000095,small_ctx1024_train_step_fp32
"void cublasLt::splitKreduce_kernel<32, 16, int, float, float, float, float, false, float, float, float, true, false, false>(cublasLt::cublasSplitKParams<float>, float const*, float const*, float*, float*, float const*, float const*, float const*, float const*, float*, void*, long, float*, int*, float*, float*, float const*, float const*, float const*, float const*, float const*)",,96,0,625.8839999999982,0,625.8839999999982,small_ctx1024_train_step_fp32
void cutlass::Kernel2<cutlass_80_tensorop_s1688gemm_64x128_32x3_nt_align4>(cutlass_80_tensorop_s1688gemm_64x128_32x3_nt_align4::Params),,24,0,1501.6359999999586,0,1501.6359999999586,small_ctx1024_train_step_fp32
void cutlass::Kernel2<cutlass_80_tensorop_s1688gemm_128x64_32x6_nt_align4>(cutlass_80_tensorop_s1688gemm_128x64_32x6_nt_align4::Params),,24,0,1610.1479999999247,0,1610.1479999999247,small_ctx1024_train_step_fp32
"void at::native::elementwise_kernel<128, 2, at::native::gpu_kernel_impl_nocast<at::native::neg_kernel_cuda(at::TensorIteratorBase&)::{lambda()#2}::operator()() const::{lambda()#7}::operator()() const::{lambda(float)#1}>(at::TensorIteratorBase&, at::native::neg_kernel_cuda(at::TensorIteratorBase&)::{lambda()#2}::operator()() const::{lambda()#7}::operator()() const::{lambda(float)#1} const&)::{lambda(int)#1}>(int, at::native::gpu_kernel_impl_nocast<at::native::neg_kernel_cuda(at::TensorIteratorBase&)::{lambda()#2}::operator()() const::{lambda()#7}::operator()() const::{lambda(float)#1}>(at::TensorIteratorBase&, at::native::neg_kernel_cuda(at::TensorIteratorBase&)::{lambda()#2}::operator()() const::{lambda()#7}::operator()() const::{lambda(float)#1} const&)::{lambda(int)#1})",,48,0,342.2669999998543,0,342.2669999998543,small_ctx1024_train_step_fp32
"void at::native::(anonymous namespace)::CatArrayBatchedCopy_vectorized<at::native::(anonymous namespace)::OpaqueType<4u>, unsigned int, 1, 128, 1, 16, 4>(char*, at::native::(anonymous namespace)::CatArrInputTensorMetadata<at::native::(anonymous namespace)::OpaqueType<4u>, unsigned int, 128, 1>, at::native::(anonymous namespace)::TensorSizeStride<unsigned int, 4u>, int, unsigned int)",,24,0,161.56699999997,0,161.56699999997,small_ctx1024_train_step_fp32
autograd::engine::evaluate_function: IndexBackward0,,2,302.28100000001723,93.120000000039,8.93699999999808,0.0,small_ctx1024_train_step_fp32
IndexBackward0,,2,293.34400000001915,93.120000000039,20.889000000010128,0.0,small_ctx1024_train_step_fp32
aten::_index_put_impl_,,2,243.8240000000078,76.99200000005658,58.06900000006135,62.880000000077416,small_ctx1024_train_step_fp32
aten::remainder,,2,26.86300000000483,4.575999999986379,18.625000000021828,4.575999999986379,small_ctx1024_train_step_fp32
aten::divide_,,2,23.1420000000071,4.3840000000054715,2.5869999999849824,0.0,small_ctx1024_train_step_fp32
aten::div_,,2,20.55500000002212,4.3840000000054715,12.215000000032887,4.3840000000054715,small_ctx1024_train_step_fp32
cudaOccupancyMaxActiveBlocksPerMultiprocessorWithFlags,,2,1.9349999999831198,0,1.9349999999831198,0,small_ctx1024_train_step_fp32
cudaPeekAtLastError,,8,0.4609999999811407,0,0.4609999999811407,0,small_ctx1024_train_step_fp32
optimizer,optimizer,2,70375.429,15752.85900000036,3621.998999999858,0.0,small_ctx1024_train_step_fp32
aten::_to_copy,,2,27724.34699999998,1.5679999999993015,9.466999999945983,0.0,small_ctx1024_train_step_fp32
cudaStreamIsCapturing,,5,6.310000000004948,0,6.310000000004948,0,small_ctx1024_train_step_fp32
cudaStreamSynchronize,,4,27650.949000000022,0,27650.949000000022,0,small_ctx1024_train_step_fp32
"void at::native::vectorized_elementwise_kernel<2, at::native::BUnaryFunctor<long, long, long, at::native::remainder_kernel_cuda(at::TensorIteratorBase&)::{lambda()#1}::operator()() const::{lambda()#4}::operator()() const::{lambda(long, long)#1}>, std::array<char*, 2ul> >(int, at::native::BUnaryFunctor<long, long, long, at::native::remainder_kernel_cuda(at::TensorIteratorBase&)::{lambda()#1}::operator()() const::{lambda()#4}::operator()() const::{lambda(long, long)#1}>, std::array<char*, 2ul>)",,2,0,4.575999999986379,0,4.575999999986379,small_ctx1024_train_step_fp32
"void at::native::vectorized_elementwise_kernel<2, at::native::AUnaryFunctor<long, long, long, at::native::binary_internal::MulFunctor<long> >, std::array<char*, 2ul> >(int, at::native::AUnaryFunctor<long, long, long, at::native::binary_internal::MulFunctor<long> >, std::array<char*, 2ul>)",,2,0,2.592000000004191,0,2.592000000004191,small_ctx1024_train_step_fp32
"void at::native::vectorized_elementwise_kernel<2, at::native::BUnaryFunctor<long, long, long, at::native::binary_internal::div_trunc_kernel_cuda(at::TensorIteratorBase&)::{lambda()#1}::operator()() const::{lambda()#4}::operator()() const::{lambda(long, long)#1}>, std::array<char*, 2ul> >(int, at::native::BUnaryFunctor<long, long, long, at::native::binary_internal::div_trunc_kernel_cuda(at::TensorIteratorBase&)::{lambda()#1}::operator()() const::{lambda()#4}::operator()() const::{lambda(long, long)#1}>, std::array<char*, 2ul>)",,2,0,4.3840000000054715,0,4.3840000000054715,small_ctx1024_train_step_fp32
"void at_cuda_detail::cub::DeviceRadixSortHistogramKernel<at_cuda_detail::cub::DeviceRadixSortPolicy<long, at::cuda::cub::detail::OpaqueType<8>, unsigned long long>::Policy900, false, long, unsigned long long, at_cuda_detail::cub::detail::identity_decomposer_t>(unsigned long long*, long const*, unsigned long long, int, int, at_cuda_detail::cub::detail::identity_decomposer_t)",,2,0,4.9280000000144355,0,4.9280000000144355,small_ctx1024_train_step_fp32
"void at_cuda_detail::cub::DeviceRadixSortExclusiveSumKernel<at_cuda_detail::cub::DeviceRadixSortPolicy<long, at::cuda::cub::detail::OpaqueType<8>, unsigned long long>::Policy900, unsigned long long>(unsigned long long*)",,2,0,2.8800000000046566,0,2.8800000000046566,small_ctx1024_train_step_fp32
"void at_cuda_detail::cub::DeviceRadixSortOnesweepKernel<at_cuda_detail::cub::DeviceRadixSortPolicy<long, at::cuda::cub::detail::OpaqueType<8>, unsigned long long>::Policy900, false, long, at::cuda::cub::detail::OpaqueType<8>, unsigned long long, int, int, at_cuda_detail::cub::detail::identity_decomposer_t>(int*, int*, unsigned long long*, unsigned long long const*, long*, long const*, at::cuda::cub::detail::OpaqueType<8>*, at::cuda::cub::detail::OpaqueType<8> const*, int, int, int, at_cuda_detail::cub::detail::identity_decomposer_t)",,4,0,27.424000000042724,0,27.424000000042724,small_ctx1024_train_step_fp32
"void (anonymous namespace)::indexing_backward_kernel<float, 4>(long const*, long const*, float const*, float*, long, long, long, long, bool)",,2,0,20.896000000007916,0,20.896000000007916,small_ctx1024_train_step_fp32
optimizer,optimizer,2,0,8826.28300000001,0,8826.28300000001,small_ctx1024_train_step_fp32
Memcpy HtoD (Pageable -> Device),,2,0,1.5679999999993015,0,1.5679999999993015,small_ctx1024_train_step_fp32
aten::lift_fresh,,2,0.5710000000108266,0,0.5710000000108266,0,small_ctx1024_train_step_fp32
aten::detach_,,2,3.5760000000154832,0,1.9090000000287546,0,small_ctx1024_train_step_fp32
detach_,,2,1.6669999999867287,0,1.6669999999867287,0,small_ctx1024_train_step_fp32
aten::sqrt,,224,1284.6510000000417,711.8709999999555,665.8799999999319,711.8709999999555,small_ctx1024_train_step_fp32
"void at::native::vectorized_elementwise_kernel<4, at::native::sqrt_kernel_cuda(at::TensorIteratorBase&)::{lambda()#2}::operator()() const::{lambda()#2}::operator()() const::{lambda(float)#1}, std::array<char*, 2ul> >(int, at::native::sqrt_kernel_cuda(at::TensorIteratorBase&)::{lambda()#2}::operator()() const::{lambda()#2}::operator()() const::{lambda(float)#1}, std::array<char*, 2ul>)",,224,0,711.8709999999555,0,711.8709999999555,small_ctx1024_train_step_fp32
aten::reciprocal,,2,17.250000000014552,3.1050000000104774,9.979999999995925,3.1050000000104774,small_ctx1024_train_step_fp32
"void at::native::vectorized_elementwise_kernel<4, at::native::reciprocal_kernel_cuda(at::TensorIteratorBase&)::{lambda()#1}::operator()() const::{lambda()#2}::operator()() const::{lambda(float)#1}, std::array<char*, 2ul> >(int, at::native::reciprocal_kernel_cuda(at::TensorIteratorBase&)::{lambda()#1}::operator()() const::{lambda()#2}::operator()() const::{lambda(float)#1}, std::array<char*, 2ul>)",,2,0,3.1050000000104774,0,3.1050000000104774,small_ctx1024_train_step_fp32
aten::lt,,2,22.976000000009662,3.7449999999807915,14.13300000000163,3.7449999999807915,small_ctx1024_train_step_fp32
"void at::native::vectorized_elementwise_kernel<4, at::native::compare_scalar_kernel<float>(at::TensorIteratorBase&, at::native::(anonymous namespace)::OpType, float)::{lambda(float)#1}, std::array<char*, 2ul> >(int, at::native::compare_scalar_kernel<float>(at::TensorIteratorBase&, at::native::(anonymous namespace)::OpType, float)::{lambda(float)#1}, std::array<char*, 2ul>)",,2,0,3.7449999999807915,0,3.7449999999807915,small_ctx1024_train_step_fp32
aten::is_nonzero,,2,53.830000000001746,5.247999999977765,3.1019999999989523,0.0,small_ctx1024_train_step_fp32
aten::item,,2,50.728000000002794,5.247999999977765,6.505000000004657,0.0,small_ctx1024_train_step_fp32
aten::_local_scalar_dense,,2,44.22299999999814,5.247999999977765,11.301000000006752,5.247999999977765,small_ctx1024_train_step_fp32
Memcpy DtoH (Device -> Pinned),,2,0,5.247999999977765,0,5.247999999977765,small_ctx1024_train_step_fp32
aten::mul_,,222,1058.12000000017,1276.6650000000518,448.9010000000417,1276.6650000000518,small_ctx1024_train_step_fp32
Optimizer.step#AdamW.step,,2,32292.53,12055.865000000631,9143.653000000297,0.0,small_ctx1024_train_step_fp32
aten::sub_,,444,2170.332999999737,1640.2000000000116,961.1769999997923,1640.2000000000116,small_ctx1024_train_step_fp32
aten::_has_compatible_shallow_copy_type,,444,41.30400000013469,0,41.30400000013469,0,small_ctx1024_train_step_fp32
aten::zeros_like,,444,4373.039999999994,973.4770000001445,623.5970000002562,0.0,small_ctx1024_train_step_fp32
Optimizer.step#AdamW.step,,2,0,31928.261000000013,0,31928.261000000013,small_ctx1024_train_step_fp32
aten::square,,222,1701.4950000001554,753.6040000003122,120.5070000004489,0.0,small_ctx1024_train_step_fp32
cudaDeviceSynchronize,,3,17.43600000004517,0,17.43600000004517,0,small_ctx1024_train_step_fp32
profile/measure,profile/measure,1,90863.32299999999,26958.85300000041,1693.2489999999962,0.0,small_ctx1024_train_step_fp32
cudaEventRecordWithFlags,,2,10.213999999992666,0,10.213999999992666,0,small_ctx1024_train_step_fp32
cudaMalloc,,1,162.52599999999802,0,162.52599999999802,0,small_ctx1024_train_step_fp32
cudaEventQuery,,2,4.504000000015367,0,4.504000000015367,0,small_ctx1024_train_step_fp32
cudaEventElapsedTime,,1,1.5399999999790452,0,1.5399999999790452,0,small_ctx1024_train_step_fp32
profile/warmup,profile/warmup,1,143337.35400000002,30532.378999999746,3200.8980000000156,0.0,medium_ctx256_train_step_fp32
Optimizer.zero_grad#AdamW.zero_grad,,2,442.60999999998876,0,442.60999999998876,0,medium_ctx256_train_step_fp32
forward,forward,2,78032.25100000002,19036.682999999808,21885.31599999991,0.0,medium_ctx256_train_step_fp32
aten::index,,2,439.9670000000024,12.833000000001448,87.86500000001524,8.608000000001539,medium_ctx256_train_step_fp32
aten::as_strided,,9524,3154.07199999917,0,3154.07199999917,0,medium_ctx256_train_step_fp32
aten::reshape,,3280,11178.527000000626,1934.822999999882,3468.7050000010663,0.0,medium_ctx256_train_step_fp32
aten::view,,3428,2882.4659999998426,0,2882.4659999998426,0,medium_ctx256_train_step_fp32
Activity Buffer Request,,2,1835.3260000000132,4.224999999999909,1835.3260000000132,4.224999999999909,medium_ctx256_train_step_fp32
cudaLaunchKernel,,14874,41871.62300000142,0,41871.62300000142,0,medium_ctx256_train_step_fp32
forward,forward,2,0,77581.587,0,77581.587,medium_ctx256_train_step_fp32
"void at::native::vectorized_gather_kernel<16, long>(char*, char*, long*, int, long, long, long, long, bool)",,2,0,8.608000000001539,0,8.608000000001539,medium_ctx256_train_step_fp32
aten::to,,1466,274.87599999959184,1.5679999999847496,180.64999999961128,0.0,medium_ctx256_train_step_fp32
aten::pow,,1170,9669.859999999906,4893.450999999677,5530.489000000465,4629.194999999865,medium_ctx256_train_step_fp32
aten::result_type,,1170,120.38600000046972,0,120.38600000046972,0,medium_ctx256_train_step_fp32
"void at::native::vectorized_elementwise_kernel<4, at::native::(anonymous namespace)::pow_tensor_scalar_kernel_impl<float, float>(at::TensorIteratorBase&, float)::{lambda(float)#1}, std::array<char*, 2ul> >(int, at::native::(anonymous namespace)::pow_tensor_scalar_kernel_impl<float, float>(at::TensorIteratorBase&, float)::{lambda(float)#1}, std::array<char*, 2ul>)",,974,0,4511.789999999932,0,4511.789999999932,medium_ctx256_train_step_fp32
aten::mean,,100,1187.6000000000263,499.97100000006867,859.9080000000145,499.97100000006867,medium_ctx256_train_step_fp32
"void at::native::reduce_kernel<512, 1, at::native::ReduceOp<float, at::native::MeanOps<float, float, float, float>, unsigned int, float, 4, 4> >(at::native::ReduceOp<float, at::native::MeanOps<float, float, float, float>, unsigned int, float, 4, 4>)",,100,0,499.97100000006867,0,499.97100000006867,medium_ctx256_train_step_fp32
aten::add,,1702,10509.880999999497,7536.322000000937,6220.059999998431,7536.322000000937,medium_ctx256_train_step_fp32
"void at::native::vectorized_elementwise_kernel<4, at::native::CUDAFunctorOnSelf_add<float>, std::array<char*, 2ul> >(int, at::native::CUDAFunctorOnSelf_add<float>, std::array<char*, 2ul>)",,538,0,1780.8890000002325,0,1780.8890000002325,medium_ctx256_train_step_fp32
aten::rsqrt,,98,853.8569999999859,136.44200000005685,572.7209999999668,136.44200000005685,medium_ctx256_train_step_fp32
"void at::native::vectorized_elementwise_kernel<4, at::native::rsqrt_kernel_cuda(at::TensorIteratorBase&)::{lambda()#2}::operator()() const::{lambda()#2}::operator()() const::{lambda(float)#1}, std::array<char*, 2ul> >(int, at::native::rsqrt_kernel_cuda(at::TensorIteratorBase&)::{lambda()#2}::operator()() const::{lambda()#2}::operator()() const::{lambda(float)#1}, std::array<char*, 2ul>)",,98,0,136.44200000005685,0,136.44200000005685,medium_ctx256_train_step_fp32
aten::mul,,4766,32227.88199999817,24092.775999998477,18201.344999998277,24092.775999998477,medium_ctx256_train_step_fp32
"void at::native::elementwise_kernel<128, 2, at::native::gpu_kernel_impl_nocast<at::native::BinaryFunctor<float, float, float, at::native::binary_internal::MulFunctor<float> > >(at::TensorIteratorBase&, at::native::BinaryFunctor<float, float, float, at::native::binary_internal::MulFunctor<float> > const&)::{lambda(int)#1}>(int, at::native::gpu_kernel_impl_nocast<at::native::BinaryFunctor<float, float, float, at::native::binary_internal::MulFunctor<float> > >(at::TensorIteratorBase&, at::native::BinaryFunctor<float, float, float, at::native::binary_internal::MulFunctor<float> > const&)::{lambda(int)#1})",,1600,0,8577.33799999981,0,8577.33799999981,medium_ctx256_train_step_fp32
aten::einsum,,434,25231.07500000001,8335.922999999759,4793.900999999716,0.0,medium_ctx256_train_step_fp32
aten::unsqueeze,,1256,2613.453000000076,0,2219.3030000000767,0,medium_ctx256_train_step_fp32
aten::permute,,4916,9341.304000000782,0,7706.472000000922,0,medium_ctx256_train_step_fp32
aten::_reshape_alias,,530,715.6529999999193,0,715.6529999999193,0,medium_ctx256_train_step_fp32
aten::bmm,,1302,24063.56400000031,28682.651999999845,16590.255000000536,28682.651999999845,medium_ctx256_train_step_fp32
cudaFuncGetAttributes,,1644,2468.8849999996,0,2468.8849999996,0,medium_ctx256_train_step_fp32
cudaLaunchKernelExC,,822,2965.4130000000455,0,2965.4130000000455,0,medium_ctx256_train_step_fp32
sm90_xmma_gemm_f32f32_tf32f32_f32_tn_n_tilesize64x128x32_warpgroupsize1x1x1_execute_segment_k_off_kernel__5x_cublas,,240,0,4266.3439999999555,0,4266.3439999999555,medium_ctx256_train_step_fp32
aten::unbind,,192,1161.4609999998725,0,514.3900000001572,0,medium_ctx256_train_step_fp32
aten::select,,384,647.0709999997152,0,513.9419999997613,0,medium_ctx256_train_step_fp32
aten::alias,,96,125.26900000002934,0,125.26900000002934,0,medium_ctx256_train_step_fp32
aten::sub,,148,1300.6389999998219,962.9450000001016,869.0269999999964,962.9450000001016,medium_ctx256_train_step_fp32
"void at::native::vectorized_elementwise_kernel<4, at::native::CUDAFunctor_add<float>, std::array<char*, 3ul> >(int, at::native::CUDAFunctor_add<float>, std::array<char*, 3ul>)",,3108,0,13415.599000000737,0,13415.599000000737,medium_ctx256_train_step_fp32
aten::concat,,96,1182.8239999999405,765.6569999999219,116.57799999991585,0.0,medium_ctx256_train_step_fp32
aten::cat,,192,1931.5320000000538,1347.799999999802,1270.8679999999194,1347.799999999802,medium_ctx256_train_step_fp32
"void at::native::(anonymous namespace)::CatArrayBatchedCopy<at::native::(anonymous namespace)::OpaqueType<4u>, unsigned int, 4, 64, 64>(at::native::(anonymous namespace)::OpaqueType<4u>*, at::native::(anonymous namespace)::CatArrInputTensorMetadata<at::native::(anonymous namespace)::OpaqueType<4u>, unsigned int, 64, 64>, at::native::(anonymous namespace)::TensorSizeStride<unsigned int, 4u>, int, unsigned int)",,144,0,1181.559999999833,0,1181.559999999833,medium_ctx256_train_step_fp32
aten::arange,,100,1263.1969999998664,103.99199999955272,378.69299999983104,51.99599999977636,medium_ctx256_train_step_fp32
aten::empty,,686,1474.592999999797,0,1474.592999999797,0,medium_ctx256_train_step_fp32
aten::resize_,,146,336.75900000003185,0,336.75900000003185,0,medium_ctx256_train_step_fp32
"void (anonymous namespace)::elementwise_kernel_with_index<int, at::native::arange_cuda_out(c10::Scalar const&, c10::Scalar const&, c10::Scalar const&, at::Tensor&)::{lambda()#1}::operator()() const::{lambda()#4}::operator()() const::{lambda(long)#1}>(int, at::native::arange_cuda_out(c10::Scalar const&, c10::Scalar const&, c10::Scalar const&, at::Tensor&)::{lambda()#1}::operator()() const::{lambda()#4}::operator()() const::{lambda(long)#1}, function_traits<at::native::arange_cuda_out(c10::Scalar const&, c10::Scalar const&, c10::Scalar const&, at::Tensor&)::{lambda()#1}::operator()() const::{lambda()#4}::operator()() const::{lambda(long)#1}>::result_type*)",,50,0,51.99599999977636,0,51.99599999977636,medium_ctx256_train_step_fp32
aten::ge,,48,484.6930000000111,136.02899999999954,327.1410000000087,136.02899999999954,medium_ctx256_train_step_fp32
"void at::native::elementwise_kernel<128, 4, at::native::gpu_kernel_impl_nocast<at::native::(anonymous namespace)::CompareFunctor<long> >(at::TensorIteratorBase&, at::native::(anonymous namespace)::CompareFunctor<long> const&)::{lambda(int)#1}>(int, at::native::gpu_kernel_impl_nocast<at::native::(anonymous namespace)::CompareFunctor<long> >(at::TensorIteratorBase&, at::native::(anonymous namespace)::CompareFunctor<long> const&)::{lambda(int)#1})",,48,0,136.02899999999954,0,136.02899999999954,medium_ctx256_train_step_fp32
attention/scores,attention/scores,48,6080.889999999958,836.9629999998524,2643.3929999999664,0.0,medium_ctx256_train_step_fp32
cudaDeviceGetAttribute,,480,130.39200000005803,0,130.39200000005803,0,medium_ctx256_train_step_fp32
cuLaunchKernel,,480,1555.0670000001637,0,1555.0670000001637,0,medium_ctx256_train_step_fp32
attention/scores,attention/scores,48,0,1668.5159999999287,0,1668.5159999999287,medium_ctx256_train_step_fp32
void cutlass::Kernel2<cutlass_80_tensorop_s1688gemm_256x64_16x4_tn_align4>(cutlass_80_tensorop_s1688gemm_256x64_16x4_tn_align4::Params),,96,0,1036.8959999999706,0,1036.8959999999706,medium_ctx256_train_step_fp32
aten::div,,828,5981.634000000374,6655.081999999666,3618.936000000118,6655.081999999666,medium_ctx256_train_step_fp32
"void at::native::vectorized_elementwise_kernel<4, at::native::BUnaryFunctor<float, float, float, at::native::binary_internal::MulFunctor<float> >, std::array<char*, 2ul> >(int, at::native::BUnaryFunctor<float, float, float, at::native::binary_internal::MulFunctor<float> >, std::array<char*, 2ul>)",,96,0,665.7609999999577,0,665.7609999999577,medium_ctx256_train_step_fp32
attention/softmax,attention/softmax,48,6729.510999999933,3303.431000000216,2122.846999999928,0.0,medium_ctx256_train_step_fp32
aten::where,,192,4781.162000000128,2598.62099999988,1277.1520000001092,1241.725999999905,medium_ctx256_train_step_fp32
aten::scalar_tensor,,96,1144.8290000000216,115.1690000000699,263.87400000012985,0.0,medium_ctx256_train_step_fp32
aten::fill_,,1028,4532.664000001147,2928.2230000002264,1852.3630000007788,2928.2230000002264,medium_ctx256_train_step_fp32
attention/softmax,attention/softmax,48,0,5449.545000000012,0,5449.545000000012,medium_ctx256_train_step_fp32
"void at::native::vectorized_elementwise_kernel<4, at::native::FillFunctor<float>, std::array<char*, 1ul> >(int, at::native::FillFunctor<float>, std::array<char*, 1ul>)",,1028,0,2928.2230000002264,0,2928.2230000002264,medium_ctx256_train_step_fp32
"void at::native::elementwise_kernel<128, 2, at::native::gpu_kernel_impl_nocast<at::native::(anonymous namespace)::where_kernel_impl(at::TensorIterator&)::{lambda()#1}::operator()() const::{lambda()#11}::operator()() const::{lambda(bool, float, float)#1}>(at::TensorIteratorBase&, at::native::(anonymous namespace)::where_kernel_impl(at::TensorIterator&)::{lambda()#1}::operator()() const::{lambda()#11}::operator()() const::{lambda(bool, float, float)#1} const&)::{lambda(int)#1}>(int, at::native::gpu_kernel_impl_nocast<at::native::(anonymous namespace)::where_kernel_impl(at::TensorIterator&)::{lambda()#1}::operator()() const::{lambda()#11}::operator()() const::{lambda(bool, float, float)#1}>(at::TensorIteratorBase&, at::native::(anonymous namespace)::where_kernel_impl(at::TensorIterator&)::{lambda()#1}::operator()() const::{lambda()#11}::operator()() const::{lambda(bool, float, float)#1} const&)::{lambda(int)#1})",,96,0,1241.725999999905,0,1241.725999999905,medium_ctx256_train_step_fp32
aten::max,,50,789.0049999999337,683.9380000000647,593.1509999999507,683.9380000000647,medium_ctx256_train_step_fp32
"void at::native::reduce_kernel<512, 1, at::native::ReduceOp<float, at::native::MaxOps<float>, unsigned int, float, 4, 4> >(at::native::ReduceOp<float, at::native::MaxOps<float>, unsigned int, float, 4, 4>)",,50,0,683.9380000000647,0,683.9380000000647,medium_ctx256_train_step_fp32
"void at::native::elementwise_kernel<128, 2, at::native::gpu_kernel_impl_nocast<at::native::CUDAFunctor_add<float> >(at::TensorIteratorBase&, at::native::CUDAFunctor_add<float> const&)::{lambda(int)#1}>(int, at::native::gpu_kernel_impl_nocast<at::native::CUDAFunctor_add<float> >(at::TensorIteratorBase&, at::native::CUDAFunctor_add<float> const&)::{lambda(int)#1})",,100,0,1319.450999999951,0,1319.450999999951,medium_ctx256_train_step_fp32
aten::exp,,50,540.9750000000358,374.97600000012153,382.96899999996276,374.97600000012153,medium_ctx256_train_step_fp32
"void at::native::vectorized_elementwise_kernel<4, at::native::exp_kernel_cuda(at::TensorIteratorBase&)::{lambda()#2}::operator()() const::{lambda()#2}::operator()() const::{lambda(float)#1}, std::array<char*, 2ul> >(int, at::native::exp_kernel_cuda(at::TensorIteratorBase&)::{lambda()#2}::operator()() const::{lambda()#2}::operator()() const::{lambda(float)#1}, std::array<char*, 2ul>)",,50,0,374.97600000012153,0,374.97600000012153,medium_ctx256_train_step_fp32
aten::sum,,784,8798.582999999979,5602.227000000607,5401.605999999895,5602.227000000607,medium_ctx256_train_step_fp32
"void at::native::reduce_kernel<512, 1, at::native::ReduceOp<float, at::native::func_wrapper_t<float, at::native::sum_functor<float, float, float>::operator()(at::TensorIterator&)::{lambda(float, float)#1}>, unsigned int, float, 4, 4> >(at::native::ReduceOp<float, at::native::func_wrapper_t<float, at::native::sum_functor<float, float, float>::operator()(at::TensorIterator&)::{lambda(float, float)#1}>, unsigned int, float, 4, 4>)",,686,0,4264.460000000098,0,4264.460000000098,medium_ctx256_train_step_fp32
"void at::native::elementwise_kernel<128, 2, at::native::gpu_kernel_impl_nocast<at::native::BinaryFunctor<float, float, float, at::native::binary_internal::DivFunctor<float> > >(at::TensorIteratorBase&, at::native::BinaryFunctor<float, float, float, at::native::binary_internal::DivFunctor<float> > const&)::{lambda(int)#1}>(int, at::native::gpu_kernel_impl_nocast<at::native::BinaryFunctor<float, float, float, at::native::binary_internal::DivFunctor<float> > >(at::TensorIteratorBase&, at::native::BinaryFunctor<float, float, float, at::native::binary_internal::DivFunctor<float> > const&)::{lambda(int)#1})",,192,0,3098.5680000001403,0,3098.5680000001403,medium_ctx256_train_step_fp32
attention/value,attention/value,48,5268.850000000067,685.3739999999789,1478.855000000115,0.0,medium_ctx256_train_step_fp32
aten::clone,,384,4764.939999999839,1934.822999999882,804.3200000000161,0.0,medium_ctx256_train_step_fp32
aten::empty_like,,1266,3655.1489999999994,0,1133.4910000005257,0,medium_ctx256_train_step_fp32
aten::copy_,,822,6009.249999999593,8896.969999999945,2703.6849999996502,8896.969999999945,medium_ctx256_train_step_fp32
attention/value,attention/value,48,0,1672.7369999999855,0,1672.7369999999855,medium_ctx256_train_step_fp32
"void at::native::elementwise_kernel<128, 2, at::native::gpu_kernel_impl_nocast<at::native::direct_copy_kernel_cuda(at::TensorIteratorBase&)::{lambda()#3}::operator()() const::{lambda()#7}::operator()() const::{lambda(float)#1}>(at::TensorIteratorBase&, at::native::direct_copy_kernel_cuda(at::TensorIteratorBase&)::{lambda()#3}::operator()() const::{lambda()#7}::operator()() const::{lambda(float)#1} const&)::{lambda(int)#1}>(int, at::native::gpu_kernel_impl_nocast<at::native::direct_copy_kernel_cuda(at::TensorIteratorBase&)::{lambda()#3}::operator()() const::{lambda()#7}::operator()() const::{lambda(float)#1}>(at::TensorIteratorBase&, at::native::direct_copy_kernel_cuda(at::TensorIteratorBase&)::{lambda()#3}::operator()() const::{lambda()#7}::operator()() const::{lambda(float)#1} const&)::{lambda(int)#1})",,722,0,8631.146000000148,0,8631.146000000148,medium_ctx256_train_step_fp32
aten::_unsafe_view,,384,345.9249999999838,0,345.9249999999838,0,medium_ctx256_train_step_fp32
void cutlass::Kernel2<cutlass_80_tensorop_s1688gemm_64x64_16x6_nn_align4>(cutlass_80_tensorop_s1688gemm_64x64_16x6_nn_align4::Params),,96,0,791.3550000000232,0,791.3550000000232,medium_ctx256_train_step_fp32
sm90_xmma_gemm_f32f32_tf32f32_f32_tn_n_tilesize128x256x32_warpgroupsize2x1x1_execute_segment_k_off_kernel__5x_cublas,,96,0,2757.9949999999344,0,2757.9949999999344,medium_ctx256_train_step_fp32
aten::sigmoid,,48,515.026999999981,336.22499999998854,339.2390000000232,336.22499999998854,medium_ctx256_train_step_fp32
"void at::native::vectorized_elementwise_kernel<4, at::native::sigmoid_kernel_cuda(at::TensorIteratorBase&)::{lambda()#2}::operator()() const::{lambda()#2}::operator()() const::{lambda(float)#1}, std::array<char*, 2ul> >(int, at::native::sigmoid_kernel_cuda(at::TensorIteratorBase&)::{lambda()#2}::operator()() const::{lambda()#2}::operator()() const::{lambda(float)#1}, std::array<char*, 2ul>)",,48,0,336.22499999998854,0,336.22499999998854,medium_ctx256_train_step_fp32
"void at::native::vectorized_elementwise_kernel<4, at::native::BinaryFunctor<float, float, float, at::native::binary_internal::MulFunctor<float> >, std::array<char*, 3ul> >(int, at::native::BinaryFunctor<float, float, float, at::native::binary_internal::MulFunctor<float> >, std::array<char*, 3ul>)",,776,0,5711.313999999653,0,5711.313999999653,medium_ctx256_train_step_fp32
cudaMemsetAsync,,540,1366.4739999998783,0,1366.4739999998783,0,medium_ctx256_train_step_fp32
Memset (Device),,540,0,453.82200000032026,0,453.82200000032026,medium_ctx256_train_step_fp32
sm90_xmma_gemm_f32f32_tf32f32_f32_tn_n_tilesize128x128x32_warpgroupsize1x1x1_execute_segment_k_off_kernel__5x_cublas,,2,0,121.91999999999825,0,121.91999999999825,medium_ctx256_train_step_fp32
aten::log,,2,19.28499999998894,3.3910000000032596,11.956999999987602,3.3910000000032596,medium_ctx256_train_step_fp32
aten::neg,,200,1373.8629999997938,1308.1629999997458,772.7409999998563,1308.1629999997458,medium_ctx256_train_step_fp32
aten::gather,,2,31.247999999999593,17.662999999985914,22.671000000016647,17.662999999985914,medium_ctx256_train_step_fp32
"void at::native::vectorized_elementwise_kernel<4, at::native::log_kernel_cuda(at::TensorIteratorBase&)::{lambda()#2}::operator()() const::{lambda()#2}::operator()() const::{lambda(float)#1}, std::array<char*, 2ul> >(int, at::native::log_kernel_cuda(at::TensorIteratorBase&)::{lambda()#2}::operator()() const::{lambda()#2}::operator()() const::{lambda(float)#1}, std::array<char*, 2ul>)",,2,0,3.3910000000032596,0,3.3910000000032596,medium_ctx256_train_step_fp32
"void at::native::vectorized_elementwise_kernel<4, at::native::neg_kernel_cuda(at::TensorIteratorBase&)::{lambda()#2}::operator()() const::{lambda()#7}::operator()() const::{lambda(float)#1}, std::array<char*, 2ul> >(int, at::native::neg_kernel_cuda(at::TensorIteratorBase&)::{lambda()#2}::operator()() const::{lambda()#7}::operator()() const::{lambda(float)#1}, std::array<char*, 2ul>)",,104,0,990.6279999998878,0,990.6279999998878,medium_ctx256_train_step_fp32
backward,backward,2,124457.62699999998,2.368000000016764,122758.76999999996,0.0,medium_ctx256_train_step_fp32
"void at::native::_scatter_gather_elementwise_kernel<128, 8, at::native::_cuda_scatter_gather_internal_kernel<false, at::native::OpaqueType<4>, long>::operator()<at::native::TensorAssign>(at::TensorIterator&, long, long, long, at::native::TensorAssign const&)::{lambda(int)#1}>(int, at::native::_cuda_scatter_gather_internal_kernel<false, at::native::OpaqueType<4>, long>::operator()<at::native::TensorAssign>(at::TensorIterator&, long, long, long, at::native::TensorAssign const&)::{lambda(int)#1})",,2,0,17.662999999985914,0,17.662999999985914,medium_ctx256_train_step_fp32
aten::ones_like,,2,46.61699999998382,2.368000000016764,4.517000000014377,0.0,medium_ctx256_train_step_fp32
aten::empty_strided,,1218,2455.711999999534,0,2455.711999999534,0,medium_ctx256_train_step_fp32
backward,backward,2,0,2.368000000016764,0,2.368000000016764,medium_ctx256_train_step_fp32
autograd::engine::evaluate_function: MeanBackward0,,2,220.22699999999168,3.55199999998149,38.499999999992724,0.0,medium_ctx256_train_step_fp32
MeanBackward0,,2,181.72699999999895,3.55199999998149,64.81599999998434,0.0,medium_ctx256_train_step_fp32
aten::expand,,152,367.4459999999235,0,303.8149999999805,0,medium_ctx256_train_step_fp32
"void at::native::elementwise_kernel<128, 2, at::native::gpu_kernel_impl_nocast<at::native::BUnaryFunctor<float, float, float, at::native::binary_internal::MulFunctor<float> > >(at::TensorIteratorBase&, at::native::BUnaryFunctor<float, float, float, at::native::binary_internal::MulFunctor<float> > const&)::{lambda(int)#1}>(int, at::native::gpu_kernel_impl_nocast<at::native::BUnaryFunctor<float, float, float, at::native::binary_internal::MulFunctor<float> > >(at::TensorIteratorBase&, at::native::BUnaryFunctor<float, float, float, at::native::binary_internal::MulFunctor<float> > const&)::{lambda(int)#1})",,100,0,436.8029999999053,0,436.8029999999053,medium_ctx256_train_step_fp32
autograd::engine::evaluate_function: GatherBackward0,,2,130.3159999999989,33.79199999997945,21.082999999991443,0.0,medium_ctx256_train_step_fp32
GatherBackward0,,2,109.23300000000745,33.79199999997945,15.719000000004598,0.0,medium_ctx256_train_step_fp32
aten::gather_backward,,2,93.51400000000285,33.79199999997945,15.174000000006345,0.0,medium_ctx256_train_step_fp32
aten::new_zeros,,4,76.59699999997247,39.80799999998271,14.282999999952153,0.0,medium_ctx256_train_step_fp32
aten::new_empty,,4,22.619999999995343,0,5.8030000000071595,0,medium_ctx256_train_step_fp32
aten::zero_,,930,4848.848999999733,2810.6860000001398,985.9649999985122,0.0,medium_ctx256_train_step_fp32
aten::scatter_add_,,2,34.19399999999587,13.695999999981723,23.454000000019732,13.695999999981723,medium_ctx256_train_step_fp32
"void at::native::_scatter_gather_elementwise_kernel<128, 8, at::native::_cuda_scatter_gather_internal_kernel<true, float, long>::operator()<at::native::ReduceAdd>(at::TensorIterator&, long, long, long, at::native::ReduceAdd const&)::{lambda(int)#1}>(int, at::native::_cuda_scatter_gather_internal_kernel<true, float, long>::operator()<at::native::ReduceAdd>(at::TensorIterator&, long, long, long, at::native::ReduceAdd const&)::{lambda(int)#1})",,2,0,13.695999999981723,0,13.695999999981723,medium_ctx256_train_step_fp32
autograd::engine::evaluate_function: NegBackward0,,2,27.9860000000117,38.0800000000163,5.0600000000195,0.0,medium_ctx256_train_step_fp32
NegBackward0,,2,22.9259999999922,38.0800000000163,3.1169999999765423,0.0,medium_ctx256_train_step_fp32
autograd::engine::evaluate_function: SubBackward0,,148,1994.1440000000293,1123.426999999836,508.35999999989144,0.0,medium_ctx256_train_step_fp32
SubBackward0,,148,1094.1820000001026,740.5799999998053,135.56000000024505,0.0,medium_ctx256_train_step_fp32
autograd::engine::evaluate_function: LogBackward0,,2,28.15000000000873,3.7440000000351574,7.051000000014028,0.0,medium_ctx256_train_step_fp32
LogBackward0,,2,21.098999999994703,3.7440000000351574,2.9069999999992433,0.0,medium_ctx256_train_step_fp32
autograd::engine::evaluate_function: SumBackward1,,50,690.1100000001097,601.3099999999977,201.08600000015576,0.0,medium_ctx256_train_step_fp32
SumBackward1,,50,171.44699999999284,0,62.05500000001484,0,medium_ctx256_train_step_fp32
"void at::native::vectorized_elementwise_kernel<4, at::native::BinaryFunctor<float, float, float, at::native::binary_internal::DivFunctor<float> >, std::array<char*, 3ul> >(int, at::native::BinaryFunctor<float, float, float, at::native::binary_internal::DivFunctor<float> >, std::array<char*, 3ul>)",,440,0,2453.9499999996624,0,2453.9499999996624,medium_ctx256_train_step_fp32
autograd::engine::evaluate_function: ExpBackward0,,50,571.7119999998904,640.2259999999515,152.55599999994593,0.0,medium_ctx256_train_step_fp32
ExpBackward0,,50,400.31599999995524,580.4499999999607,89.25499999988097,0.0,medium_ctx256_train_step_fp32
aten::add_,,1020,4942.768999999942,3516.923000000308,2314.4099999994505,3516.923000000308,medium_ctx256_train_step_fp32
autograd::engine::evaluate_function: MaxBackward0,,50,2045.423000000017,1114.9750000000058,259.6259999998874,0.0,medium_ctx256_train_step_fp32
MaxBackward0,,50,1536.1320000000196,647.2649999999558,112.1790000000401,0.0,medium_ctx256_train_step_fp32
aten::value_selecting_reduction_backward,,50,1423.9529999999795,647.2649999999558,138.61499999999796,0.0,medium_ctx256_train_step_fp32
aten::zeros,,50,646.2629999999408,261.7609999999986,115.33199999995122,0.0,medium_ctx256_train_step_fp32
aten::scatter_,,50,639.0750000000407,385.50399999995716,414.9779999999955,385.50399999995716,medium_ctx256_train_step_fp32
autograd::engine::evaluate_function: ViewBackward0,,1446,9062.211999999818,961.9559999998819,3167.1599999995087,0.0,medium_ctx256_train_step_fp32
ViewBackward0,,1446,5895.052000000309,961.9559999998819,1259.2830000001704,0.0,medium_ctx256_train_step_fp32
autograd::engine::evaluate_function: PermuteBackward0,,2458,11730.055000000088,0,5245.091999999786,0,medium_ctx256_train_step_fp32
PermuteBackward0,,2458,6484.963000000302,0,2047.9639999996507,0,medium_ctx256_train_step_fp32
"void at::native::_scatter_gather_elementwise_kernel<128, 8, at::native::_cuda_scatter_gather_internal_kernel<true, at::native::OpaqueType<4>, long>::operator()<at::native::TensorAssign>(at::TensorIterator&, long, long, long, at::native::TensorAssign const&)::{lambda(int)#1}>(int, at::native::_cuda_scatter_gather_internal_kernel<true, at::native::OpaqueType<4>, long>::operator()<at::native::TensorAssign>(at::TensorIterator&, long, long, long, at::native::TensorAssign const&)::{lambda(int)#1})",,50,0,385.50399999995716,0,385.50399999995716,medium_ctx256_train_step_fp32
autograd::engine::evaluate_function: BmmBackward0,,434,18778.2710000003,20646.828000000096,1681.4200000001438,0.0,medium_ctx256_train_step_fp32
BmmBackward0,,434,17096.851000000155,20646.828000000096,1452.6230000000578,0.0,medium_ctx256_train_step_fp32
aten::transpose,,868,1589.940999999999,0,1288.9130000002915,0,medium_ctx256_train_step_fp32
sm90_xmma_gemm_f32f32_tf32f32_f32_nt_n_tilesize128x128x32_warpgroupsize1x1x1_execute_segment_k_off_kernel__5x_cublas,,2,0,226.68799999999464,0,226.68799999999464,medium_ctx256_train_step_fp32
autograd::engine::evaluate_function: ReshapeAliasBackward0,,482,3436.9839999999967,440.191000000028,1120.0330000002796,0.0,medium_ctx256_train_step_fp32
ReshapeAliasBackward0,,482,2316.950999999717,440.191000000028,468.531999999439,0.0,medium_ctx256_train_step_fp32
autograd::engine::evaluate_function: UnsqueezeBackward0,,1206,6776.882000000216,559.1680000000633,3006.0879999998724,0.0,medium_ctx256_train_step_fp32
UnsqueezeBackward0,,1206,2857.0510000004288,0,850.7940000007657,0,medium_ctx256_train_step_fp32
aten::squeeze,,1206,2006.256999999663,0,1617.3679999998785,0,medium_ctx256_train_step_fp32
autograd::engine::evaluate_function: torch::autograd::AccumulateGrad,,438,5601.019000000022,6696.323000000266,805.247999999905,0.0,medium_ctx256_train_step_fp32
torch::autograd::AccumulateGrad,,438,4795.771000000117,6696.323000000266,1146.0230000002848,0.0,medium_ctx256_train_step_fp32
aten::new_empty_strided,,338,1276.1420000001672,0,502.0500000003085,0,medium_ctx256_train_step_fp32
sm90_xmma_gemm_f32f32_tf32f32_f32_nn_n_tilesize128x256x32_warpgroupsize2x1x1_execute_segment_k_on_kernel__5x_cublas,,2,0,159.90600000000268,0,159.90600000000268,medium_ctx256_train_step_fp32
autograd::engine::evaluate_function: MulBackward0,,676,14341.00800000006,8372.790000000015,3111.5890000002546,0.0,medium_ctx256_train_step_fp32
MulBackward0,,676,7515.137999999941,5973.989999999649,1217.2100000005667,0.0,medium_ctx256_train_step_fp32
aten::detach,,100,163.79499999984546,0,63.61899999986781,0,medium_ctx256_train_step_fp32
detach,,100,100.17599999997765,0,100.17599999997765,0,medium_ctx256_train_step_fp32
autograd::engine::evaluate_function: RsqrtBackward0,,98,4785.3680000001405,354.1599999999671,290.52200000019366,0.0,medium_ctx256_train_step_fp32
RsqrtBackward0,,98,4494.845999999947,354.1599999999671,389.14099999982864,0.0,medium_ctx256_train_step_fp32
autograd::engine::evaluate_function: AddBackward0,,290,752.1089999999167,0,660.1799999999785,0,medium_ctx256_train_step_fp32
AddBackward0,,290,91.92899999993824,0,91.92899999993824,0,medium_ctx256_train_step_fp32
autograd::engine::evaluate_function: MeanBackward1,,98,1612.566000000057,433.2509999999238,252.33000000011816,0.0,medium_ctx256_train_step_fp32
"void at::native::reduce_kernel<128, 4, at::native::ReduceOp<float, at::native::func_wrapper_t<float, at::native::sum_functor<float, float, float>::operator()(at::TensorIterator&)::{lambda(float, float)#1}>, unsigned int, float, 4, 4> >(at::native::ReduceOp<float, at::native::func_wrapper_t<float, at::native::sum_functor<float, float, float>::operator()(at::TensorIterator&)::{lambda(float, float)#1}>, unsigned int, float, 4, 4>)",,98,0,962.6640000001062,0,962.6640000001062,medium_ctx256_train_step_fp32
MeanBackward1,,98,1360.235999999939,433.2509999999238,197.45999999993364,0.0,medium_ctx256_train_step_fp32
autograd::engine::evaluate_function: PowBackward0,,98,4046.649000000012,1045.0900000001493,489.9189999999144,0.0,medium_ctx256_train_step_fp32
PowBackward0,,98,3111.04900000005,771.8399999998728,294.1030000001774,0.0,medium_ctx256_train_step_fp32
cudaMemcpyAsync,,102,878.7079999998605,0,878.7079999998605,0,medium_ctx256_train_step_fp32
"void at::native::vectorized_elementwise_kernel<4, at::native::(anonymous namespace)::pow_tensor_scalar_kernel_impl<float, float>(at::TensorIteratorBase&, float)::{lambda(float)#2}, std::array<char*, 2ul> >(int, at::native::(anonymous namespace)::pow_tensor_scalar_kernel_impl<float, float>(at::TensorIteratorBase&, float)::{lambda(float)#2}, std::array<char*, 2ul>)",,98,0,117.40499999993335,0,117.40499999993335,medium_ctx256_train_step_fp32
"void at::native::vectorized_elementwise_kernel<4, at::native::AUnaryFunctor<float, float, float, at::native::binary_internal::MulFunctor<float> >, std::array<char*, 2ul> >(int, at::native::AUnaryFunctor<float, float, float, at::native::binary_internal::MulFunctor<float> >, std::array<char*, 2ul>)",,2826,0,13287.296999998864,0,13287.296999998864,medium_ctx256_train_step_fp32
Memcpy DtoD (Device -> Device),,98,0,264.25599999981205,0,264.25599999981205,medium_ctx256_train_step_fp32
sm90_xmma_gemm_f32f32_tf32f32_f32_nt_n_tilesize128x256x32_warpgroupsize2x1x1_execute_segment_k_off_kernel__5x_cublas,,144,0,6311.424000000035,0,6311.424000000035,medium_ctx256_train_step_fp32
sm90_xmma_gemm_f32f32_tf32f32_f32_nn_n_tilesize128x128x32_warpgroupsize1x1x1_execute_segment_k_off_kernel__5x_cublas,,48,0,1595.2039999999615,0,1595.2039999999615,medium_ctx256_train_step_fp32
sm90_xmma_gemm_f32f32_tf32f32_f32_nn_n_tilesize64x128x32_warpgroupsize1x1x1_execute_segment_k_on_kernel__5x_cublas,,96,0,4272.835999999916,0,4272.835999999916,medium_ctx256_train_step_fp32
autograd::engine::evaluate_function: SigmoidBackward0,,48,930.4669999999533,1150.0439999999726,229.28299999989395,0.0,medium_ctx256_train_step_fp32
SigmoidBackward0,,48,460.9040000000459,630.6249999999563,91.09200000001874,0.0,medium_ctx256_train_step_fp32
aten::sigmoid_backward,,48,369.8120000000272,630.6249999999563,219.15799999995215,630.6249999999563,medium_ctx256_train_step_fp32
"void at::native::vectorized_elementwise_kernel<4, at::native::sigmoid_backward_kernel_cuda(at::TensorIteratorBase&)::{lambda()#2}::operator()() const::{lambda()#2}::operator()() const::{lambda(float, float)#1}, std::array<char*, 3ul> >(int, at::native::sigmoid_backward_kernel_cuda(at::TensorIteratorBase&)::{lambda()#2}::operator()() const::{lambda()#2}::operator()() const::{lambda(float, float)#1}, std::array<char*, 3ul>)",,48,0,630.6249999999563,0,630.6249999999563,medium_ctx256_train_step_fp32
void cutlass::Kernel2<cutlass_80_tensorop_s1688gemm_128x64_32x6_nt_align4>(cutlass_80_tensorop_s1688gemm_128x64_32x6_nt_align4::Params),,192,0,3493.8920000000435,0,3493.8920000000435,medium_ctx256_train_step_fp32
sm90_xmma_gemm_f32f32_tf32f32_f32_nn_n_tilesize64x128x32_warpgroupsize1x1x1_execute_segment_k_off_kernel__5x_cublas,,192,0,2715.232000000018,0,2715.232000000018,medium_ctx256_train_step_fp32
autograd::engine::evaluate_function: UnsafeViewBackward0,,96,427.321999999971,0,217.7409999998781,0,medium_ctx256_train_step_fp32
UnsafeViewBackward0,,96,209.5810000000929,0,81.51400000007561,0,medium_ctx256_train_step_fp32
autograd::engine::evaluate_function: CloneBackward0,,96,195.83600000003935,0,177.37099999991187,0,medium_ctx256_train_step_fp32
CloneBackward0,,96,18.465000000127475,0,18.465000000127475,0,medium_ctx256_train_step_fp32
void cutlass::Kernel2<cutlass_80_tensorop_s1688gemm_64x64_16x6_nt_align4>(cutlass_80_tensorop_s1688gemm_64x64_16x6_nt_align4::Params),,48,0,459.32800000003044,0,459.32800000003044,medium_ctx256_train_step_fp32
autograd::engine::evaluate_function: DivBackward0,,96,3353.1160000000164,4199.431000000091,513.118999999926,0.0,medium_ctx256_train_step_fp32
DivBackward0,,96,2424.837000000007,3719.6200000001263,324.61300000015035,0.0,medium_ctx256_train_step_fp32
autograd::engine::evaluate_function: WhereBackward0,,48,1653.1669999999358,677.405999999959,198.5359999999855,0.0,medium_ctx256_train_step_fp32
WhereBackward0,,48,1454.6309999999503,677.405999999959,76.58999999995285,0.0,medium_ctx256_train_step_fp32
void cutlass::Kernel2<cutlass_80_tensorop_s1688gemm_128x64_16x6_nt_align4>(cutlass_80_tensorop_s1688gemm_128x64_16x6_nt_align4::Params),,48,0,394.9130000000441,0,394.9130000000441,medium_ctx256_train_step_fp32
autograd::engine::evaluate_function: CatBackward0,,96,1305.8959999999934,0,328.89500000004045,0,medium_ctx256_train_step_fp32
CatBackward0,,96,977.0009999999529,0,203.1779999999926,0,medium_ctx256_train_step_fp32
aten::narrow,,192,773.8229999999603,0,249.791000000012,0,medium_ctx256_train_step_fp32
aten::slice,,192,524.0319999999483,0,444.4490000000442,0,medium_ctx256_train_step_fp32
"void at::native::elementwise_kernel<128, 2, at::native::gpu_kernel_impl_nocast<at::native::neg_kernel_cuda(at::TensorIteratorBase&)::{lambda()#2}::operator()() const::{lambda()#7}::operator()() const::{lambda(float)#1}>(at::TensorIteratorBase&, at::native::neg_kernel_cuda(at::TensorIteratorBase&)::{lambda()#2}::operator()() const::{lambda()#7}::operator()() const::{lambda(float)#1} const&)::{lambda(int)#1}>(int, at::native::gpu_kernel_impl_nocast<at::native::neg_kernel_cuda(at::TensorIteratorBase&)::{lambda()#2}::operator()() const::{lambda()#7}::operator()() const::{lambda(float)#1}>(at::TensorIteratorBase&, at::native::neg_kernel_cuda(at::TensorIteratorBase&)::{lambda()#2}::operator()() const::{lambda()#7}::operator()() const::{lambda(float)#1} const&)::{lambda(int)#1})",,96,0,317.534999999858,0,317.534999999858,medium_ctx256_train_step_fp32
autograd::engine::evaluate_function: UnbindBackward0,,96,1590.4789999998538,582.14299999988,263.1739999999263,0.0,medium_ctx256_train_step_fp32
UnbindBackward0,,96,1327.3049999999275,582.14299999988,140.55700000001525,0.0,medium_ctx256_train_step_fp32
aten::stack,,96,1186.7479999999123,582.14299999988,280.7839999998978,0.0,medium_ctx256_train_step_fp32
"void at::native::(anonymous namespace)::CatArrayBatchedCopy_vectorized<at::native::(anonymous namespace)::OpaqueType<4u>, unsigned int, 1, 128, 1, 16, 4>(char*, at::native::(anonymous namespace)::CatArrInputTensorMetadata<at::native::(anonymous namespace)::OpaqueType<4u>, unsigned int, 128, 1>, at::native::(anonymous namespace)::TensorSizeStride<unsigned int, 4u>, int, unsigned int)",,48,0,166.23999999996886,0,166.23999999996886,medium_ctx256_train_step_fp32
autograd::engine::evaluate_function: IndexBackward0,,2,280.51299999999173,56.7039999999688,6.45700000000943,0.0,medium_ctx256_train_step_fp32
IndexBackward0,,2,274.0559999999823,56.7039999999688,29.853999999992084,0.0,medium_ctx256_train_step_fp32
aten::_index_put_impl_,,2,211.7510000000184,36.99199999998382,54.96200000004319,22.494999999995343,medium_ctx256_train_step_fp32
aten::remainder,,2,41.24599999998463,4.896000000007916,17.509999999965657,4.896000000007916,medium_ctx256_train_step_fp32
"void at::native::vectorized_elementwise_kernel<2, at::native::BUnaryFunctor<long, long, long, at::native::remainder_kernel_cuda(at::TensorIteratorBase&)::{lambda()#1}::operator()() const::{lambda()#4}::operator()() const::{lambda(long, long)#1}>, std::array<char*, 2ul> >(int, at::native::BUnaryFunctor<long, long, long, at::native::remainder_kernel_cuda(at::TensorIteratorBase&)::{lambda()#1}::operator()() const::{lambda()#4}::operator()() const::{lambda(long, long)#1}>, std::array<char*, 2ul>)",,2,0,4.896000000007916,0,4.896000000007916,medium_ctx256_train_step_fp32
"void at::native::vectorized_elementwise_kernel<2, at::native::AUnaryFunctor<long, long, long, at::native::binary_internal::MulFunctor<long> >, std::array<char*, 2ul> >(int, at::native::AUnaryFunctor<long, long, long, at::native::binary_internal::MulFunctor<long> >, std::array<char*, 2ul>)",,2,0,3.040000000008149,0,3.040000000008149,medium_ctx256_train_step_fp32
aten::divide_,,2,28.680999999982305,4.352999999988242,5.363999999972293,0.0,medium_ctx256_train_step_fp32
aten::div_,,2,23.31700000001001,4.352999999988242,15.03499999998894,4.352999999988242,medium_ctx256_train_step_fp32
"void at::native::vectorized_elementwise_kernel<2, at::native::BUnaryFunctor<long, long, long, at::native::binary_internal::div_trunc_kernel_cuda(at::TensorIteratorBase&)::{lambda()#1}::operator()() const::{lambda()#4}::operator()() const::{lambda(long, long)#1}>, std::array<char*, 2ul> >(int, at::native::BUnaryFunctor<long, long, long, at::native::binary_internal::div_trunc_kernel_cuda(at::TensorIteratorBase&)::{lambda()#1}::operator()() const::{lambda()#4}::operator()() const::{lambda(long, long)#1}>, std::array<char*, 2ul>)",,2,0,4.352999999988242,0,4.352999999988242,medium_ctx256_train_step_fp32
cudaPeekAtLastError,,4,0.27999999998428393,0,0.27999999998428393,0,medium_ctx256_train_step_fp32
"void at_cuda_detail::cub::DeviceRadixSortSingleTileKernel<at_cuda_detail::cub::DeviceRadixSortPolicy<long, at::cuda::cub::detail::OpaqueType<8>, unsigned long long>::Policy900, false, long, at::cuda::cub::detail::OpaqueType<8>, unsigned long long, at_cuda_detail::cub::detail::identity_decomposer_t>(long const*, long*, at::cuda::cub::detail::OpaqueType<8> const*, at::cuda::cub::detail::OpaqueType<8>*, unsigned long long, int, int, at_cuda_detail::cub::detail::identity_decomposer_t)",,2,0,11.19999999999709,0,11.19999999999709,medium_ctx256_train_step_fp32
"void (anonymous namespace)::indexing_backward_kernel<float, 4>(long const*, long const*, float const*, float*, long, long, long, long, bool)",,2,0,11.294999999998254,0,11.294999999998254,medium_ctx256_train_step_fp32
optimizer,optimizer,2,77113.73200000002,42014.472999998456,6094.667000000161,0.0,medium_ctx256_train_step_fp32
aten::_to_copy,,2,94.22599999998056,1.5679999999847496,8.174999999959255,0.0,medium_ctx256_train_step_fp32
cudaStreamIsCapturing,,4,5.643000000054599,0,5.643000000054599,0,medium_ctx256_train_step_fp32
cudaStreamSynchronize,,4,29.09800000001269,0,29.09800000001269,0,medium_ctx256_train_step_fp32
optimizer,optimizer,2,0,16930.41799999999,0,16930.41799999999,medium_ctx256_train_step_fp32
Memcpy HtoD (Pageable -> Device),,2,0,1.5679999999847496,0,1.5679999999847496,medium_ctx256_train_step_fp32
aten::lift_fresh,,2,0.5310000000026776,0,0.5310000000026776,0,medium_ctx256_train_step_fp32
aten::detach_,,2,3.4030000000202563,0,1.8290000000270084,0,medium_ctx256_train_step_fp32
detach_,,2,1.573999999993248,0,1.573999999993248,0,medium_ctx256_train_step_fp32
aten::sqrt,,440,2389.855999999956,2074.0839999995223,1266.0930000003573,2074.0839999995223,medium_ctx256_train_step_fp32
"void at::native::vectorized_elementwise_kernel<4, at::native::sqrt_kernel_cuda(at::TensorIteratorBase&)::{lambda()#2}::operator()() const::{lambda()#2}::operator()() const::{lambda(float)#1}, std::array<char*, 2ul> >(int, at::native::sqrt_kernel_cuda(at::TensorIteratorBase&)::{lambda()#2}::operator()() const::{lambda()#2}::operator()() const::{lambda(float)#1}, std::array<char*, 2ul>)",,440,0,2074.0839999995223,0,2074.0839999995223,medium_ctx256_train_step_fp32
aten::reciprocal,,2,17.004000000000815,3.1040000000066357,10.737000000008265,3.1040000000066357,medium_ctx256_train_step_fp32
"void at::native::vectorized_elementwise_kernel<4, at::native::reciprocal_kernel_cuda(at::TensorIteratorBase&)::{lambda()#1}::operator()() const::{lambda()#2}::operator()() const::{lambda(float)#1}, std::array<char*, 2ul> >(int, at::native::reciprocal_kernel_cuda(at::TensorIteratorBase&)::{lambda()#1}::operator()() const::{lambda()#2}::operator()() const::{lambda(float)#1}, std::array<char*, 2ul>)",,2,0,3.1040000000066357,0,3.1040000000066357,medium_ctx256_train_step_fp32
aten::lt,,2,21.49899999999616,3.2960000000020955,14.015999999988708,3.2960000000020955,medium_ctx256_train_step_fp32
"void at::native::vectorized_elementwise_kernel<4, at::native::compare_scalar_kernel<float>(at::TensorIteratorBase&, at::native::(anonymous namespace)::OpType, float)::{lambda(float)#1}, std::array<char*, 2ul> >(int, at::native::compare_scalar_kernel<float>(at::TensorIteratorBase&, at::native::(anonymous namespace)::OpType, float)::{lambda(float)#1}, std::array<char*, 2ul>)",,2,0,3.2960000000020955,0,3.2960000000020955,medium_ctx256_train_step_fp32
aten::is_nonzero,,2,56.67200000002049,5.631999999997788,2.9820000000327127,0.0,medium_ctx256_train_step_fp32
aten::item,,2,53.689999999987776,5.631999999997788,6.671999999991385,0.0,medium_ctx256_train_step_fp32
aten::_local_scalar_dense,,2,47.01799999999639,5.631999999997788,11.888999999981024,5.631999999997788,medium_ctx256_train_step_fp32
Memcpy DtoH (Device -> Pinned),,2,0,5.631999999997788,0,5.631999999997788,medium_ctx256_train_step_fp32
aten::mul_,,438,1973.1560000000609,3486.212999999858,907.6170000001293,3486.212999999858,medium_ctx256_train_step_fp32
Optimizer.step#AdamW.step,,2,58665.71900000004,32910.53299999838,16049.811000001064,0.0,medium_ctx256_train_step_fp32
aten::sub_,,876,4080.051999999705,4499.748999999574,1939.4049999994895,4499.748999999574,medium_ctx256_train_step_fp32
aten::_has_compatible_shallow_copy_type,,876,82.43200000013167,0,82.43200000013167,0,medium_ctx256_train_step_fp32
aten::zeros_like,,876,7692.0720000003785,2509.1170000001584,968.133000000671,0.0,medium_ctx256_train_step_fp32
aten::square,,438,3200.8510000003007,2080.593999999808,262.04200000024866,0.0,medium_ctx256_train_step_fp32
Optimizer.step#AdamW.step,,2,0,57110.42900000002,0,57110.42900000002,medium_ctx256_train_step_fp32
cudaDeviceSynchronize,,3,15.142999999923632,0,15.142999999923632,0,medium_ctx256_train_step_fp32
profile/measure,profile/measure,1,142970.54599999997,30521.144999998534,3031.515999999916,0.0,medium_ctx256_train_step_fp32
cudaEventRecordWithFlags,,2,9.354000000021188,0,9.354000000021188,0,medium_ctx256_train_step_fp32
Buffer Flush,,2,117.65700000003562,0,117.65700000003562,0,medium_ctx256_train_step_fp32
cudaEventQuery,,2,4.591000000014901,0,4.591000000014901,0,medium_ctx256_train_step_fp32
cudaEventElapsedTime,,1,1.217000000004191,0,1.217000000004191,0,medium_ctx256_train_step_fp32
profile/warmup,profile/warmup,1,144595.983,40732.535000000935,3243.7979999999807,0.0,medium_ctx512_train_step_fp32
Optimizer.zero_grad#AdamW.zero_grad,,2,485.5260000000194,0,485.5260000000194,0,medium_ctx512_train_step_fp32
forward,forward,2,80507.921,39339.25599999975,21911.38799999994,0.0,medium_ctx512_train_step_fp32
aten::index,,2,452.12800000000016,19.549999999994725,98.06799999998066,13.118999999994685,medium_ctx512_train_step_fp32
aten::as_strided,,9524,3301.0249999998177,0,3301.0249999998177,0,medium_ctx512_train_step_fp32
aten::reshape,,3280,11086.943000000287,3196.328999999687,3476.034000000462,0.0,medium_ctx512_train_step_fp32
aten::view,,3428,2908.1779999998926,0,2908.1779999998926,0,medium_ctx512_train_step_fp32
Activity Buffer Request,,2,1801.3250000000075,6.43100000000004,1801.3250000000075,6.43100000000004,medium_ctx512_train_step_fp32
cudaLaunchKernel,,14874,41498.62300000206,0,41498.62300000206,0,medium_ctx512_train_step_fp32
forward,forward,2,0,80418.869,0,80418.869,medium_ctx512_train_step_fp32
"void at::native::vectorized_gather_kernel<16, long>(char*, char*, long*, int, long, long, long, long, bool)",,2,0,13.118999999994685,0,13.118999999994685,medium_ctx512_train_step_fp32
aten::to,,1466,280.5400000004006,1.5360000000073342,177.4360000003794,0.0,medium_ctx512_train_step_fp32
aten::pow,,1170,9689.196999999618,5270.76000000034,5462.511999999906,4756.613000000336,medium_ctx512_train_step_fp32
aten::result_type,,1170,120.47799999918425,0,120.47799999918425,0,medium_ctx512_train_step_fp32
"void at::native::vectorized_elementwise_kernel<4, at::native::(anonymous namespace)::pow_tensor_scalar_kernel_impl<float, float>(at::TensorIteratorBase&, float)::{lambda(float)#1}, std::array<char*, 2ul> >(int, at::native::(anonymous namespace)::pow_tensor_scalar_kernel_impl<float, float>(at::TensorIteratorBase&, float)::{lambda(float)#1}, std::array<char*, 2ul>)",,974,0,4616.262000000232,0,4616.262000000232,medium_ctx512_train_step_fp32
aten::mean,,100,1231.5539999999864,537.731000000003,867.770000000095,537.731000000003,medium_ctx512_train_step_fp32
"void at::native::reduce_kernel<512, 1, at::native::ReduceOp<float, at::native::MeanOps<float, float, float, float>, unsigned int, float, 4, 4> >(at::native::ReduceOp<float, at::native::MeanOps<float, float, float, float>, unsigned int, float, 4, 4>)",,100,0,537.731000000003,0,537.731000000003,medium_ctx512_train_step_fp32
aten::add,,1702,10722.549000000461,8077.513000000963,6328.147000000211,8077.513000000963,medium_ctx512_train_step_fp32
"void at::native::vectorized_elementwise_kernel<4, at::native::CUDAFunctorOnSelf_add<float>, std::array<char*, 2ul> >(int, at::native::CUDAFunctorOnSelf_add<float>, std::array<char*, 2ul>)",,538,0,1783.7559999998211,0,1783.7559999998211,medium_ctx512_train_step_fp32
aten::rsqrt,,98,890.4690000000178,138.72199999988698,569.1460000000998,138.72199999988698,medium_ctx512_train_step_fp32
"void at::native::vectorized_elementwise_kernel<4, at::native::rsqrt_kernel_cuda(at::TensorIteratorBase&)::{lambda()#2}::operator()() const::{lambda()#2}::operator()() const::{lambda(float)#1}, std::array<char*, 2ul> >(int, at::native::rsqrt_kernel_cuda(at::TensorIteratorBase&)::{lambda()#2}::operator()() const::{lambda()#2}::operator()() const::{lambda(float)#1}, std::array<char*, 2ul>)",,98,0,138.72199999988698,0,138.72199999988698,medium_ctx512_train_step_fp32
aten::mul,,4766,31395.231999999975,34820.193999999,18266.64999999857,34820.193999999,medium_ctx512_train_step_fp32
"void at::native::elementwise_kernel<128, 2, at::native::gpu_kernel_impl_nocast<at::native::BinaryFunctor<float, float, float, at::native::binary_internal::MulFunctor<float> > >(at::TensorIteratorBase&, at::native::BinaryFunctor<float, float, float, at::native::binary_internal::MulFunctor<float> > const&)::{lambda(int)#1}>(int, at::native::gpu_kernel_impl_nocast<at::native::BinaryFunctor<float, float, float, at::native::binary_internal::MulFunctor<float> > >(at::TensorIteratorBase&, at::native::BinaryFunctor<float, float, float, at::native::binary_internal::MulFunctor<float> > const&)::{lambda(int)#1})",,1600,0,11159.518999999951,0,11159.518999999951,medium_ctx512_train_step_fp32
aten::einsum,,434,26915.195000000178,13763.38700000022,4939.134000000377,0.0,medium_ctx512_train_step_fp32
aten::unsqueeze,,1256,2763.926999999888,0,2342.97600000015,0,medium_ctx512_train_step_fp32
aten::permute,,4916,9596.002000000859,0,7848.193000000845,0,medium_ctx512_train_step_fp32
aten::_reshape_alias,,530,696.1640000000771,0,696.1640000000771,0,medium_ctx512_train_step_fp32
aten::bmm,,1302,26778.87799999962,47710.68700000026,18531.31399999977,47710.68700000026,medium_ctx512_train_step_fp32
cudaFuncGetAttributes,,1836,2725.8660000001146,0,2725.8660000001146,0,medium_ctx512_train_step_fp32
cudaLaunchKernelExC,,918,3253.6159999997653,0,3253.6159999997653,0,medium_ctx512_train_step_fp32
sm90_xmma_gemm_f32f32_tf32f32_f32_tn_n_tilesize128x128x32_warpgroupsize1x1x1_execute_segment_k_off_kernel__5x_cublas,,338,0,10595.436000000152,0,10595.436000000152,medium_ctx512_train_step_fp32
aten::unbind,,192,1221.12499999985,0,545.7319999998576,0,medium_ctx512_train_step_fp32
aten::select,,384,675.3929999999923,0,532.3240000001215,0,medium_ctx512_train_step_fp32
aten::alias,,96,126.10399999996343,0,126.10399999996343,0,medium_ctx512_train_step_fp32
aten::sub,,148,1322.8930000000441,3045.953999999908,862.1039999999462,3045.953999999908,medium_ctx512_train_step_fp32
"void at::native::vectorized_elementwise_kernel<4, at::native::CUDAFunctor_add<float>, std::array<char*, 3ul> >(int, at::native::CUDAFunctor_add<float>, std::array<char*, 3ul>)",,3108,0,17561.934000000772,0,17561.934000000772,medium_ctx512_train_step_fp32
aten::concat,,96,1209.083000000082,1136.202000000022,118.54499999998916,0.0,medium_ctx512_train_step_fp32
aten::cat,,192,1946.9340000000861,2010.8300000000481,1270.9600000002056,2010.8300000000481,medium_ctx512_train_step_fp32
"void at::native::(anonymous namespace)::CatArrayBatchedCopy<at::native::(anonymous namespace)::OpaqueType<4u>, unsigned int, 4, 64, 64>(at::native::(anonymous namespace)::OpaqueType<4u>*, at::native::(anonymous namespace)::CatArrInputTensorMetadata<at::native::(anonymous namespace)::OpaqueType<4u>, unsigned int, 64, 64>, at::native::(anonymous namespace)::TensorSizeStride<unsigned int, 4u>, int, unsigned int)",,144,0,1771.6940000000204,0,1771.6940000000204,medium_ctx512_train_step_fp32
aten::arange,,100,1337.9209999999712,115.83799999996336,393.6879999996918,57.91899999998168,medium_ctx512_train_step_fp32
aten::empty,,686,1515.2470000001167,0,1515.2470000001167,0,medium_ctx512_train_step_fp32
aten::resize_,,146,341.1750000000484,0,341.1750000000484,0,medium_ctx512_train_step_fp32
"void (anonymous namespace)::elementwise_kernel_with_index<int, at::native::arange_cuda_out(c10::Scalar const&, c10::Scalar const&, c10::Scalar const&, at::Tensor&)::{lambda()#1}::operator()() const::{lambda()#4}::operator()() const::{lambda(long)#1}>(int, at::native::arange_cuda_out(c10::Scalar const&, c10::Scalar const&, c10::Scalar const&, at::Tensor&)::{lambda()#1}::operator()() const::{lambda()#4}::operator()() const::{lambda(long)#1}, function_traits<at::native::arange_cuda_out(c10::Scalar const&, c10::Scalar const&, c10::Scalar const&, at::Tensor&)::{lambda()#1}::operator()() const::{lambda()#4}::operator()() const::{lambda(long)#1}>::result_type*)",,50,0,57.91899999998168,0,57.91899999998168,medium_ctx512_train_step_fp32
aten::ge,,48,508.58999999996377,161.2479999999805,329.53699999998753,161.2479999999805,medium_ctx512_train_step_fp32
"void at::native::elementwise_kernel<128, 4, at::native::gpu_kernel_impl_nocast<at::native::(anonymous namespace)::CompareFunctor<long> >(at::TensorIteratorBase&, at::native::(anonymous namespace)::CompareFunctor<long> const&)::{lambda(int)#1}>(int, at::native::gpu_kernel_impl_nocast<at::native::(anonymous namespace)::CompareFunctor<long> >(at::TensorIteratorBase&, at::native::(anonymous namespace)::CompareFunctor<long> const&)::{lambda(int)#1})",,48,0,161.2479999999805,0,161.2479999999805,medium_ctx512_train_step_fp32
attention/scores,attention/scores,48,6912.805999999966,3008.135000000003,2689.0219999998417,0.0,medium_ctx512_train_step_fp32
cudaMemsetAsync,,682,2033.589999999971,0,2033.589999999971,0,medium_ctx512_train_step_fp32
attention/scores,attention/scores,48,0,3541.69999999995,0,3541.69999999995,medium_ctx512_train_step_fp32
Memset (Device),,682,0,590.6059999996733,0,590.6059999996733,medium_ctx512_train_step_fp32
sm90_xmma_gemm_f32f32_tf32f32_f32_tn_n_tilesize64x128x32_warpgroupsize1x1x1_execute_segment_k_off_kernel__5x_cublas,,96,0,2689.182000000099,0,2689.182000000099,medium_ctx512_train_step_fp32
aten::div,,828,6100.105999999995,17941.862000000274,3664.1629999993693,17941.862000000274,medium_ctx512_train_step_fp32
"void at::native::vectorized_elementwise_kernel<4, at::native::BUnaryFunctor<float, float, float, at::native::binary_internal::MulFunctor<float> >, std::array<char*, 2ul> >(int, at::native::BUnaryFunctor<float, float, float, at::native::binary_internal::MulFunctor<float> >, std::array<char*, 2ul>)",,96,0,3235.270999999875,0,3235.270999999875,medium_ctx512_train_step_fp32
attention/softmax,attention/softmax,48,6907.1900000000505,12430.51699999996,2103.8599999999687,0.0,medium_ctx512_train_step_fp32
aten::where,,192,4878.013999999989,9631.470000000238,1305.9910000003892,4752.935000000055,medium_ctx512_train_step_fp32
aten::scalar_tensor,,96,1163.5849999999264,125.6000000001286,271.00499999994645,0.0,medium_ctx512_train_step_fp32
aten::fill_,,1028,4592.111000000045,3500.1330000008593,1851.065999999848,3500.1330000008593,medium_ctx512_train_step_fp32
attention/softmax,attention/softmax,48,0,13627.695999999993,0,13627.695999999993,medium_ctx512_train_step_fp32
"void at::native::vectorized_elementwise_kernel<4, at::native::FillFunctor<float>, std::array<char*, 1ul> >(int, at::native::FillFunctor<float>, std::array<char*, 1ul>)",,1028,0,3500.1330000008593,0,3500.1330000008593,medium_ctx512_train_step_fp32
"void at::native::elementwise_kernel<128, 2, at::native::gpu_kernel_impl_nocast<at::native::(anonymous namespace)::where_kernel_impl(at::TensorIterator&)::{lambda()#1}::operator()() const::{lambda()#11}::operator()() const::{lambda(bool, float, float)#1}>(at::TensorIteratorBase&, at::native::(anonymous namespace)::where_kernel_impl(at::TensorIterator&)::{lambda()#1}::operator()() const::{lambda()#11}::operator()() const::{lambda(bool, float, float)#1} const&)::{lambda(int)#1}>(int, at::native::gpu_kernel_impl_nocast<at::native::(anonymous namespace)::where_kernel_impl(at::TensorIterator&)::{lambda()#1}::operator()() const::{lambda()#11}::operator()() const::{lambda(bool, float, float)#1}>(at::TensorIteratorBase&, at::native::(anonymous namespace)::where_kernel_impl(at::TensorIterator&)::{lambda()#1}::operator()() const::{lambda()#11}::operator()() const::{lambda(bool, float, float)#1} const&)::{lambda(int)#1})",,96,0,4752.935000000055,0,4752.935000000055,medium_ctx512_train_step_fp32
aten::max,,50,831.7220000000461,1814.3390000000518,623.496000000112,1814.3390000000518,medium_ctx512_train_step_fp32
"void at::native::reduce_kernel<512, 1, at::native::ReduceOp<float, at::native::MaxOps<float>, unsigned int, float, 4, 4> >(at::native::ReduceOp<float, at::native::MaxOps<float>, unsigned int, float, 4, 4>)",,50,0,1814.3390000000518,0,1814.3390000000518,medium_ctx512_train_step_fp32
aten::exp,,50,558.7110000000512,1627.4289999999783,370.43300000003,1627.4289999999783,medium_ctx512_train_step_fp32
aten::sum,,784,8750.03899999996,8778.87799999907,5349.966000000102,8778.87799999907,medium_ctx512_train_step_fp32
"void at::native::elementwise_kernel<128, 2, at::native::gpu_kernel_impl_nocast<at::native::CUDAFunctor_add<float> >(at::TensorIteratorBase&, at::native::CUDAFunctor_add<float> const&)::{lambda(int)#1}>(int, at::native::gpu_kernel_impl_nocast<at::native::CUDAFunctor_add<float> >(at::TensorIteratorBase&, at::native::CUDAFunctor_add<float> const&)::{lambda(int)#1})",,100,0,5115.07499999988,0,5115.07499999988,medium_ctx512_train_step_fp32
attention/value,attention/value,48,5516.712999999913,1711.1399999999885,1497.6339999998536,0.0,medium_ctx512_train_step_fp32
"void at::native::vectorized_elementwise_kernel<4, at::native::exp_kernel_cuda(at::TensorIteratorBase&)::{lambda()#2}::operator()() const::{lambda()#2}::operator()() const::{lambda(float)#1}, std::array<char*, 2ul> >(int, at::native::exp_kernel_cuda(at::TensorIteratorBase&)::{lambda()#2}::operator()() const::{lambda()#2}::operator()() const::{lambda(float)#1}, std::array<char*, 2ul>)",,50,0,1627.4289999999783,0,1627.4289999999783,medium_ctx512_train_step_fp32
"void at::native::reduce_kernel<512, 1, at::native::ReduceOp<float, at::native::func_wrapper_t<float, at::native::sum_functor<float, float, float>::operator()(at::TensorIterator&)::{lambda(float, float)#1}>, unsigned int, float, 4, 4> >(at::native::ReduceOp<float, at::native::func_wrapper_t<float, at::native::sum_functor<float, float, float>::operator()(at::TensorIterator&)::{lambda(float, float)#1}>, unsigned int, float, 4, 4>)",,686,0,7300.0209999994595,0,7300.0209999994595,medium_ctx512_train_step_fp32
aten::clone,,384,4673.4040000000305,3196.328999999687,810.837000000196,0.0,medium_ctx512_train_step_fp32
aten::empty_like,,1266,3737.0480000009165,0,1166.2490000013613,0,medium_ctx512_train_step_fp32
aten::copy_,,822,5961.7669999999725,10512.920999999662,2729.502000000244,10512.920999999662,medium_ctx512_train_step_fp32
"void at::native::elementwise_kernel<128, 2, at::native::gpu_kernel_impl_nocast<at::native::BinaryFunctor<float, float, float, at::native::binary_internal::DivFunctor<float> > >(at::TensorIteratorBase&, at::native::BinaryFunctor<float, float, float, at::native::binary_internal::DivFunctor<float> > const&)::{lambda(int)#1}>(int, at::native::gpu_kernel_impl_nocast<at::native::BinaryFunctor<float, float, float, at::native::binary_internal::DivFunctor<float> > >(at::TensorIteratorBase&, at::native::BinaryFunctor<float, float, float, at::native::binary_internal::DivFunctor<float> > const&)::{lambda(int)#1})",,192,0,11539.066999999897,0,11539.066999999897,medium_ctx512_train_step_fp32
aten::_unsafe_view,,384,366.8409999997839,0,366.8409999997839,0,medium_ctx512_train_step_fp32
cudaDeviceGetAttribute,,384,98.53499999991709,0,98.53499999991709,0,medium_ctx512_train_step_fp32
cuLaunchKernel,,384,1155.9549999999654,0,1155.9549999999654,0,medium_ctx512_train_step_fp32
attention/value,attention/value,48,0,1757.7340000000067,0,1757.7340000000067,medium_ctx512_train_step_fp32
"void at::native::elementwise_kernel<128, 2, at::native::gpu_kernel_impl_nocast<at::native::direct_copy_kernel_cuda(at::TensorIteratorBase&)::{lambda()#3}::operator()() const::{lambda()#7}::operator()() const::{lambda(float)#1}>(at::TensorIteratorBase&, at::native::direct_copy_kernel_cuda(at::TensorIteratorBase&)::{lambda()#3}::operator()() const::{lambda()#7}::operator()() const::{lambda(float)#1} const&)::{lambda(int)#1}>(int, at::native::gpu_kernel_impl_nocast<at::native::direct_copy_kernel_cuda(at::TensorIteratorBase&)::{lambda()#3}::operator()() const::{lambda()#7}::operator()() const::{lambda(float)#1}>(at::TensorIteratorBase&, at::native::direct_copy_kernel_cuda(at::TensorIteratorBase&)::{lambda()#3}::operator()() const::{lambda()#7}::operator()() const::{lambda(float)#1} const&)::{lambda(int)#1})",,722,0,9997.23799999965,0,9997.23799999965,medium_ctx512_train_step_fp32
void cutlass::Kernel2<cutlass_80_tensorop_s1688gemm_64x128_32x3_nn_align4>(cutlass_80_tensorop_s1688gemm_64x128_32x3_nn_align4::Params),,96,0,2410.4099999999626,0,2410.4099999999626,medium_ctx512_train_step_fp32
aten::sigmoid,,48,511.0989999999965,795.1680000000297,333.6830000000009,795.1680000000297,medium_ctx512_train_step_fp32
"void at::native::vectorized_elementwise_kernel<4, at::native::sigmoid_kernel_cuda(at::TensorIteratorBase&)::{lambda()#2}::operator()() const::{lambda()#2}::operator()() const::{lambda(float)#1}, std::array<char*, 2ul> >(int, at::native::sigmoid_kernel_cuda(at::TensorIteratorBase&)::{lambda()#2}::operator()() const::{lambda()#2}::operator()() const::{lambda(float)#1}, std::array<char*, 2ul>)",,48,0,795.1680000000297,0,795.1680000000297,medium_ctx512_train_step_fp32
"void at::native::vectorized_elementwise_kernel<4, at::native::BinaryFunctor<float, float, float, at::native::binary_internal::MulFunctor<float> >, std::array<char*, 3ul> >(int, at::native::BinaryFunctor<float, float, float, at::native::binary_internal::MulFunctor<float> >, std::array<char*, 3ul>)",,776,0,13680.871999999976,0,13680.871999999976,medium_ctx512_train_step_fp32
aten::log,,2,18.108999999989464,3.904000000016822,10.885999999991327,3.904000000016822,medium_ctx512_train_step_fp32
aten::neg,,200,1371.987000000183,3940.9269999999597,778.1220000004614,3940.9269999999597,medium_ctx512_train_step_fp32
aten::gather,,2,32.59000000001106,21.471999999994296,23.140999999974156,21.471999999994296,medium_ctx512_train_step_fp32
backward,backward,2,124564.426,2.305000000000291,122895.71199999998,0.0,medium_ctx512_train_step_fp32
aten::ones_like,,2,42.77299999999377,2.305000000000291,4.99199999996199,0.0,medium_ctx512_train_step_fp32
"void at::native::vectorized_elementwise_kernel<4, at::native::log_kernel_cuda(at::TensorIteratorBase&)::{lambda()#2}::operator()() const::{lambda()#2}::operator()() const::{lambda(float)#1}, std::array<char*, 2ul> >(int, at::native::log_kernel_cuda(at::TensorIteratorBase&)::{lambda()#2}::operator()() const::{lambda()#2}::operator()() const::{lambda(float)#1}, std::array<char*, 2ul>)",,2,0,3.904000000016822,0,3.904000000016822,medium_ctx512_train_step_fp32
aten::empty_strided,,1218,2485.728999999141,0,2485.728999999141,0,medium_ctx512_train_step_fp32
"void at::native::vectorized_elementwise_kernel<4, at::native::neg_kernel_cuda(at::TensorIteratorBase&)::{lambda()#2}::operator()() const::{lambda()#7}::operator()() const::{lambda(float)#1}, std::array<char*, 2ul> >(int, at::native::neg_kernel_cuda(at::TensorIteratorBase&)::{lambda()#2}::operator()() const::{lambda()#7}::operator()() const::{lambda(float)#1}, std::array<char*, 2ul>)",,104,0,3427.8700000000463,0,3427.8700000000463,medium_ctx512_train_step_fp32
"void at::native::_scatter_gather_elementwise_kernel<128, 8, at::native::_cuda_scatter_gather_internal_kernel<false, at::native::OpaqueType<4>, long>::operator()<at::native::TensorAssign>(at::TensorIterator&, long, long, long, at::native::TensorAssign const&)::{lambda(int)#1}>(int, at::native::_cuda_scatter_gather_internal_kernel<false, at::native::OpaqueType<4>, long>::operator()<at::native::TensorAssign>(at::TensorIterator&, long, long, long, at::native::TensorAssign const&)::{lambda(int)#1})",,2,0,21.471999999994296,0,21.471999999994296,medium_ctx512_train_step_fp32
backward,backward,2,0,2.305000000000291,0,2.305000000000291,medium_ctx512_train_step_fp32
autograd::engine::evaluate_function: MeanBackward0,,2,215.9919999999911,3.7449999999807915,36.383999999983644,0.0,medium_ctx512_train_step_fp32
MeanBackward0,,2,179.60800000000745,3.7449999999807915,62.91000000000349,0.0,medium_ctx512_train_step_fp32
aten::expand,,152,384.6920000000682,0,322.2420000001148,0,medium_ctx512_train_step_fp32
"void at::native::elementwise_kernel<128, 2, at::native::gpu_kernel_impl_nocast<at::native::BUnaryFunctor<float, float, float, at::native::binary_internal::MulFunctor<float> > >(at::TensorIteratorBase&, at::native::BUnaryFunctor<float, float, float, at::native::binary_internal::MulFunctor<float> > const&)::{lambda(int)#1}>(int, at::native::gpu_kernel_impl_nocast<at::native::BUnaryFunctor<float, float, float, at::native::binary_internal::MulFunctor<float> > >(at::TensorIteratorBase&, at::native::BUnaryFunctor<float, float, float, at::native::binary_internal::MulFunctor<float> > const&)::{lambda(int)#1})",,100,0,695.5179999999018,0,695.5179999999018,medium_ctx512_train_step_fp32
autograd::engine::evaluate_function: GatherBackward0,,2,125.77200000002631,55.677999999999884,20.910000000047148,0.0,medium_ctx512_train_step_fp32
GatherBackward0,,2,104.86199999997916,55.677999999999884,10.70599999998376,0.0,medium_ctx512_train_step_fp32
aten::gather_backward,,2,94.1559999999954,55.677999999999884,12.036000000036438,0.0,medium_ctx512_train_step_fp32
aten::new_zeros,,4,74.5799999999872,57.43900000000576,14.251999999971304,0.0,medium_ctx512_train_step_fp32
aten::new_empty,,4,24.1990000000078,0,5.700000000004366,0,medium_ctx512_train_step_fp32
aten::zero_,,930,4930.817999999323,3372.2280000007304,1018.0849999992352,0.0,medium_ctx512_train_step_fp32
aten::scatter_add_,,2,34.20799999997689,18.398999999997613,22.49499999998079,18.398999999997613,medium_ctx512_train_step_fp32
"void at::native::_scatter_gather_elementwise_kernel<128, 8, at::native::_cuda_scatter_gather_internal_kernel<true, float, long>::operator()<at::native::ReduceAdd>(at::TensorIterator&, long, long, long, at::native::ReduceAdd const&)::{lambda(int)#1}>(int, at::native::_cuda_scatter_gather_internal_kernel<true, float, long>::operator()<at::native::ReduceAdd>(at::TensorIterator&, long, long, long, at::native::ReduceAdd const&)::{lambda(int)#1})",,2,0,18.398999999997613,0,18.398999999997613,medium_ctx512_train_step_fp32
autograd::engine::evaluate_function: NegBackward0,,2,28.338999999992666,81.24800000001414,5.783999999985099,0.0,medium_ctx512_train_step_fp32
NegBackward0,,2,22.555000000007567,81.24800000001414,2.9649999999892316,0.0,medium_ctx512_train_step_fp32
autograd::engine::evaluate_function: SubBackward0,,148,1977.7589999999036,3715.9999999998545,491.3659999997544,0.0,medium_ctx512_train_step_fp32
SubBackward0,,148,1090.6110000000554,2239.166999999914,140.6229999999705,0.0,medium_ctx512_train_step_fp32
autograd::engine::evaluate_function: LogBackward0,,2,28.031999999999243,4.128000000004249,7.330000000009022,0.0,medium_ctx512_train_step_fp32
LogBackward0,,2,20.70199999999022,4.128000000004249,3.440999999998894,0.0,medium_ctx512_train_step_fp32
autograd::engine::evaluate_function: SumBackward1,,50,718.617999999944,2401.154999999955,209.2019999998447,0.0,medium_ctx512_train_step_fp32
SumBackward1,,50,188.60400000009395,0,62.783000000163156,0,medium_ctx512_train_step_fp32
autograd::engine::evaluate_function: ExpBackward0,,50,573.3579999999929,2636.2229999999254,151.2439999998678,0.0,medium_ctx512_train_step_fp32
ExpBackward0,,50,405.06600000010076,2520.574999999939,83.93000000013853,0.0,medium_ctx512_train_step_fp32
aten::add_,,1020,4949.836999999985,8833.314999999988,2291.9699999999502,8833.314999999988,medium_ctx512_train_step_fp32
autograd::engine::evaluate_function: MaxBackward0,,50,2051.4420000000755,3802.981000000087,264.11399999989226,0.0,medium_ctx512_train_step_fp32
MaxBackward0,,50,1534.8020000000688,1288.0340000000215,105.4179999999833,0.0,medium_ctx512_train_step_fp32
"void at::native::vectorized_elementwise_kernel<4, at::native::BinaryFunctor<float, float, float, at::native::binary_internal::DivFunctor<float> >, std::array<char*, 3ul> >(int, at::native::BinaryFunctor<float, float, float, at::native::binary_internal::DivFunctor<float> >, std::array<char*, 3ul>)",,440,0,2472.006000000598,0,2472.006000000598,medium_ctx512_train_step_fp32
aten::value_selecting_reduction_backward,,50,1429.3840000000855,1288.0340000000215,140.8670000001366,0.0,medium_ctx512_train_step_fp32
aten::zeros,,50,643.1879999999583,793.6000000000131,122.0189999999202,0.0,medium_ctx512_train_step_fp32
aten::scatter_,,50,645.3289999999906,494.4340000000084,419.8970000001282,494.4340000000084,medium_ctx512_train_step_fp32
autograd::engine::evaluate_function: ViewBackward0,,1446,8874.497999999956,1647.6199999998498,3192.2509999998583,0.0,medium_ctx512_train_step_fp32
ViewBackward0,,1446,5682.247000000098,1647.6199999998498,1248.7079999999696,0.0,medium_ctx512_train_step_fp32
autograd::engine::evaluate_function: PermuteBackward0,,2458,11690.453000000001,0,5357.581000000151,0,medium_ctx512_train_step_fp32
PermuteBackward0,,2458,6332.87199999985,0,1880.3779999988255,0,medium_ctx512_train_step_fp32
autograd::engine::evaluate_function: BmmBackward0,,434,20578.77899999988,34424.45300000002,1765.5919999998223,0.0,medium_ctx512_train_step_fp32
BmmBackward0,,434,18813.187000000056,34424.45300000002,1475.4250000003376,0.0,medium_ctx512_train_step_fp32
aten::transpose,,868,1645.2760000002309,0,1326.3060000002952,0,medium_ctx512_train_step_fp32
autograd::engine::evaluate_function: ReshapeAliasBackward0,,482,3474.8850000001767,687.9419999999081,1137.8199999999197,0.0,medium_ctx512_train_step_fp32
ReshapeAliasBackward0,,482,2337.065000000257,687.9419999999081,467.36100000012084,0.0,medium_ctx512_train_step_fp32
"void at::native::_scatter_gather_elementwise_kernel<128, 8, at::native::_cuda_scatter_gather_internal_kernel<true, at::native::OpaqueType<4>, long>::operator()<at::native::TensorAssign>(at::TensorIterator&, long, long, long, at::native::TensorAssign const&)::{lambda(int)#1}>(int, at::native::_cuda_scatter_gather_internal_kernel<true, at::native::OpaqueType<4>, long>::operator()<at::native::TensorAssign>(at::TensorIterator&, long, long, long, at::native::TensorAssign const&)::{lambda(int)#1})",,50,0,494.4340000000084,0,494.4340000000084,medium_ctx512_train_step_fp32
autograd::engine::evaluate_function: UnsqueezeBackward0,,1206,6810.97600000009,944.577000000012,3089.3979999997537,0.0,medium_ctx512_train_step_fp32
UnsqueezeBackward0,,1206,2776.709000000301,0,821.1690000001399,0,medium_ctx512_train_step_fp32
aten::squeeze,,1206,1955.540000000161,0,1603.9029999998238,0,medium_ctx512_train_step_fp32
autograd::engine::evaluate_function: torch::autograd::AccumulateGrad,,438,5717.946000000331,6800.908999999963,807.9210000002495,0.0,medium_ctx512_train_step_fp32
torch::autograd::AccumulateGrad,,438,4910.0250000000815,6800.908999999963,1137.2440000002462,0.0,medium_ctx512_train_step_fp32
aten::new_empty_strided,,338,1296.1619999999602,0,507.4980000002324,0,medium_ctx512_train_step_fp32
sm90_xmma_gemm_f32f32_tf32f32_f32_nt_n_tilesize128x128x32_warpgroupsize1x1x1_execute_segment_k_off_kernel__5x_cublas,,2,0,418.3999999999869,0,418.3999999999869,medium_ctx512_train_step_fp32
autograd::engine::evaluate_function: MulBackward0,,676,14671.41599999991,12822.943999999588,3121.0179999998945,0.0,medium_ctx512_train_step_fp32
MulBackward0,,676,7906.1100000001825,9899.929999999913,1149.806000000157,0.0,medium_ctx512_train_step_fp32
aten::detach,,100,162.0829999998241,0,62.60099999967497,0,medium_ctx512_train_step_fp32
detach,,100,99.48200000014913,0,99.48200000014913,0,medium_ctx512_train_step_fp32
autograd::engine::evaluate_function: RsqrtBackward0,,98,3195.1850000000704,412.0380000000514,291.97400000003836,0.0,medium_ctx512_train_step_fp32
RsqrtBackward0,,98,2903.211000000032,412.0380000000514,400.39200000007986,0.0,medium_ctx512_train_step_fp32
autograd::engine::evaluate_function: AddBackward0,,290,788.4500000003682,0,688.6100000004371,0,medium_ctx512_train_step_fp32
AddBackward0,,290,99.83999999993102,0,99.83999999993102,0,medium_ctx512_train_step_fp32
autograd::engine::evaluate_function: MeanBackward1,,98,1616.3470000000743,691.772999999921,249.51300000005722,0.0,medium_ctx512_train_step_fp32
MeanBackward1,,98,1366.834000000017,691.772999999921,192.4679999998698,0.0,medium_ctx512_train_step_fp32
autograd::engine::evaluate_function: PowBackward0,,98,4038.62100000005,1901.5629999999437,507.98600000008446,0.0,medium_ctx512_train_step_fp32
PowBackward0,,98,3078.6240000000325,1357.752999999997,297.01499999995576,0.0,medium_ctx512_train_step_fp32
cudaMemcpyAsync,,102,887.5139999999228,0,887.5139999999228,0,medium_ctx512_train_step_fp32
sm90_xmma_gemm_f32f32_tf32f32_f32_nn_n_tilesize128x128x32_warpgroupsize1x1x1_execute_segment_k_off_kernel__5x_cublas,,338,0,11779.850000000202,0,11779.850000000202,medium_ctx512_train_step_fp32
"void at::native::reduce_kernel<128, 4, at::native::ReduceOp<float, at::native::func_wrapper_t<float, at::native::sum_functor<float, float, float>::operator()(at::TensorIterator&)::{lambda(float, float)#1}>, unsigned int, float, 4, 4> >(at::native::ReduceOp<float, at::native::func_wrapper_t<float, at::native::sum_functor<float, float, float>::operator()(at::TensorIterator&)::{lambda(float, float)#1}>, unsigned int, float, 4, 4>)",,98,0,1082.9499999999462,0,1082.9499999999462,medium_ctx512_train_step_fp32
"void at::native::vectorized_elementwise_kernel<4, at::native::(anonymous namespace)::pow_tensor_scalar_kernel_impl<float, float>(at::TensorIteratorBase&, float)::{lambda(float)#2}, std::array<char*, 2ul> >(int, at::native::(anonymous namespace)::pow_tensor_scalar_kernel_impl<float, float>(at::TensorIteratorBase&, float)::{lambda(float)#2}, std::array<char*, 2ul>)",,98,0,140.35100000010425,0,140.35100000010425,medium_ctx512_train_step_fp32
"void at::native::vectorized_elementwise_kernel<4, at::native::AUnaryFunctor<float, float, float, at::native::binary_internal::MulFunctor<float> >, std::array<char*, 2ul> >(int, at::native::AUnaryFunctor<float, float, float, at::native::binary_internal::MulFunctor<float> >, std::array<char*, 2ul>)",,2826,0,13474.235999999175,0,13474.235999999175,medium_ctx512_train_step_fp32
Memcpy DtoD (Device -> Device),,98,0,514.1470000000045,0,514.1470000000045,medium_ctx512_train_step_fp32
sm90_xmma_gemm_f32f32_tf32f32_f32_nt_n_tilesize128x256x32_warpgroupsize2x1x1_execute_segment_k_off_kernel__5x_cublas,,144,0,10933.480999999942,0,10933.480999999942,medium_ctx512_train_step_fp32
autograd::engine::evaluate_function: SigmoidBackward0,,48,929.8680000000604,2388.2940000000235,230.887999999999,0.0,medium_ctx512_train_step_fp32
SigmoidBackward0,,48,463.15700000008655,1217.1549999999188,90.1660000001284,0.0,medium_ctx512_train_step_fp32
aten::sigmoid_backward,,48,372.99099999995815,1217.1549999999188,223.5809999999983,1217.1549999999188,medium_ctx512_train_step_fp32
"void at::native::vectorized_elementwise_kernel<4, at::native::sigmoid_backward_kernel_cuda(at::TensorIteratorBase&)::{lambda()#2}::operator()() const::{lambda()#2}::operator()() const::{lambda(float, float)#1}, std::array<char*, 3ul> >(int, at::native::sigmoid_backward_kernel_cuda(at::TensorIteratorBase&)::{lambda()#2}::operator()() const::{lambda()#2}::operator()() const::{lambda(float, float)#1}, std::array<char*, 3ul>)",,48,0,1217.1549999999188,0,1217.1549999999188,medium_ctx512_train_step_fp32
autograd::engine::evaluate_function: UnsafeViewBackward0,,96,408.9869999999937,0,206.61500000008527,0,medium_ctx512_train_step_fp32
UnsafeViewBackward0,,96,202.37199999990844,0,75.97500000002765,0,medium_ctx512_train_step_fp32
autograd::engine::evaluate_function: CloneBackward0,,96,204.39899999996123,0,186.26999999989494,0,medium_ctx512_train_step_fp32
CloneBackward0,,96,18.1290000000663,0,18.1290000000663,0,medium_ctx512_train_step_fp32
void cutlass::Kernel2<cutlass_80_tensorop_s1688gemm_128x64_32x6_nt_align4>(cutlass_80_tensorop_s1688gemm_128x64_32x6_nt_align4::Params),,192,0,6172.076999999932,0,6172.076999999932,medium_ctx512_train_step_fp32
autograd::engine::evaluate_function: DivBackward0,,96,3398.492000000115,15505.010999999839,532.9410000000935,0.0,medium_ctx512_train_step_fp32
DivBackward0,,96,2441.5149999999558,14164.659999999916,324.7950000000201,0.0,medium_ctx512_train_step_fp32
void cutlass::Kernel2<cutlass_80_tensorop_s1688gemm_64x256_16x4_nt_align4>(cutlass_80_tensorop_s1688gemm_64x256_16x4_nt_align4::Params),,48,0,1289.3459999999905,0,1289.3459999999905,medium_ctx512_train_step_fp32
autograd::engine::evaluate_function: WhereBackward0,,48,1654.939000000013,2438.788000000044,204.4419999999809,0.0,medium_ctx512_train_step_fp32
WhereBackward0,,48,1450.4970000000321,2438.788000000044,75.76500000004307,0.0,medium_ctx512_train_step_fp32
autograd::engine::evaluate_function: CatBackward0,,96,1295.124999999971,0,329.304000000011,0,medium_ctx512_train_step_fp32
CatBackward0,,96,965.8209999999599,0,204.93299999993178,0,medium_ctx512_train_step_fp32
aten::narrow,,192,760.8880000000281,0,241.64299999995274,0,medium_ctx512_train_step_fp32
aten::slice,,192,519.2450000000754,0,427.7559999999794,0,medium_ctx512_train_step_fp32
autograd::engine::evaluate_function: UnbindBackward0,,96,1581.1500000000306,874.6280000000261,265.95400000007794,0.0,medium_ctx512_train_step_fp32
UnbindBackward0,,96,1315.1959999999526,874.6280000000261,141.32000000001426,0.0,medium_ctx512_train_step_fp32
aten::stack,,96,1173.8759999999384,874.6280000000261,274.0109999997003,0.0,medium_ctx512_train_step_fp32
void cutlass::Kernel2<cutlass_80_tensorop_s1688gemm_128x64_16x6_nt_align4>(cutlass_80_tensorop_s1688gemm_128x64_16x6_nt_align4::Params),,48,0,1227.8059999999823,0,1227.8059999999823,medium_ctx512_train_step_fp32
"void at::native::elementwise_kernel<128, 2, at::native::gpu_kernel_impl_nocast<at::native::neg_kernel_cuda(at::TensorIteratorBase&)::{lambda()#2}::operator()() const::{lambda()#7}::operator()() const::{lambda(float)#1}>(at::TensorIteratorBase&, at::native::neg_kernel_cuda(at::TensorIteratorBase&)::{lambda()#2}::operator()() const::{lambda()#7}::operator()() const::{lambda(float)#1} const&)::{lambda(int)#1}>(int, at::native::gpu_kernel_impl_nocast<at::native::neg_kernel_cuda(at::TensorIteratorBase&)::{lambda()#2}::operator()() const::{lambda()#7}::operator()() const::{lambda(float)#1}>(at::TensorIteratorBase&, at::native::neg_kernel_cuda(at::TensorIteratorBase&)::{lambda()#2}::operator()() const::{lambda()#7}::operator()() const::{lambda(float)#1} const&)::{lambda(int)#1})",,96,0,513.0569999999134,0,513.0569999999134,medium_ctx512_train_step_fp32
"void at::native::(anonymous namespace)::CatArrayBatchedCopy_vectorized<at::native::(anonymous namespace)::OpaqueType<4u>, unsigned int, 1, 128, 1, 16, 4>(char*, at::native::(anonymous namespace)::CatArrInputTensorMetadata<at::native::(anonymous namespace)::OpaqueType<4u>, unsigned int, 128, 1>, at::native::(anonymous namespace)::TensorSizeStride<unsigned int, 4u>, int, unsigned int)",,48,0,239.1360000000277,0,239.1360000000277,medium_ctx512_train_step_fp32
autograd::engine::evaluate_function: IndexBackward0,,2,233.95699999998033,65.88800000004994,7.681999999986147,0.0,medium_ctx512_train_step_fp32
IndexBackward0,,2,226.27499999999418,65.88800000004994,16.104999999981374,0.0,medium_ctx512_train_step_fp32
aten::_index_put_impl_,,2,183.50200000000768,45.72800000004645,50.85800000000745,30.720000000015716,medium_ctx512_train_step_fp32
aten::remainder,,2,23.50899999999092,5.216000000014901,16.160999999992782,5.216000000014901,medium_ctx512_train_step_fp32
"void at::native::vectorized_elementwise_kernel<2, at::native::BUnaryFunctor<long, long, long, at::native::remainder_kernel_cuda(at::TensorIteratorBase&)::{lambda()#1}::operator()() const::{lambda()#4}::operator()() const::{lambda(long, long)#1}>, std::array<char*, 2ul> >(int, at::native::BUnaryFunctor<long, long, long, at::native::remainder_kernel_cuda(at::TensorIteratorBase&)::{lambda()#1}::operator()() const::{lambda()#4}::operator()() const::{lambda(long, long)#1}>, std::array<char*, 2ul>)",,2,0,5.216000000014901,0,5.216000000014901,medium_ctx512_train_step_fp32
"void at::native::vectorized_elementwise_kernel<2, at::native::AUnaryFunctor<long, long, long, at::native::binary_internal::MulFunctor<long> >, std::array<char*, 2ul> >(int, at::native::AUnaryFunctor<long, long, long, at::native::binary_internal::MulFunctor<long> >, std::array<char*, 2ul>)",,2,0,2.7520000000076834,0,2.7520000000076834,medium_ctx512_train_step_fp32
aten::divide_,,2,26.799999999973807,4.512000000002445,4.947999999989406,0.0,medium_ctx512_train_step_fp32
aten::div_,,2,21.8519999999844,4.512000000002445,13.99399999997695,4.512000000002445,medium_ctx512_train_step_fp32
"void at::native::vectorized_elementwise_kernel<2, at::native::BUnaryFunctor<long, long, long, at::native::binary_internal::div_trunc_kernel_cuda(at::TensorIteratorBase&)::{lambda()#1}::operator()() const::{lambda()#4}::operator()() const::{lambda(long, long)#1}>, std::array<char*, 2ul> >(int, at::native::BUnaryFunctor<long, long, long, at::native::binary_internal::div_trunc_kernel_cuda(at::TensorIteratorBase&)::{lambda()#1}::operator()() const::{lambda()#4}::operator()() const::{lambda(long, long)#1}>, std::array<char*, 2ul>)",,2,0,4.512000000002445,0,4.512000000002445,medium_ctx512_train_step_fp32
cudaPeekAtLastError,,4,0.2989999999990687,0,0.2989999999990687,0,medium_ctx512_train_step_fp32
"void at_cuda_detail::cub::DeviceRadixSortSingleTileKernel<at_cuda_detail::cub::DeviceRadixSortPolicy<long, at::cuda::cub::detail::OpaqueType<8>, unsigned long long>::Policy900, false, long, at::cuda::cub::detail::OpaqueType<8>, unsigned long long, at_cuda_detail::cub::detail::identity_decomposer_t>(long const*, long*, at::cuda::cub::detail::OpaqueType<8> const*, at::cuda::cub::detail::OpaqueType<8>*, unsigned long long, int, int, at_cuda_detail::cub::detail::identity_decomposer_t)",,2,0,12.831999999994878,0,12.831999999994878,medium_ctx512_train_step_fp32
"void (anonymous namespace)::indexing_backward_kernel<float, 4>(long const*, long const*, float const*, float*, long, long, long, long, bool)",,2,0,17.88800000002084,0,17.88800000002084,medium_ctx512_train_step_fp32
optimizer,optimizer,2,78037.73100000004,42067.273000001645,6171.141999999745,0.0,medium_ctx512_train_step_fp32
aten::_to_copy,,2,103.10400000002119,1.5360000000073342,9.385000000009313,0.0,medium_ctx512_train_step_fp32
cudaStreamIsCapturing,,4,6.079999999987194,0,6.079999999987194,0,medium_ctx512_train_step_fp32
cudaStreamSynchronize,,4,29.60099999999511,0,29.60099999999511,0,medium_ctx512_train_step_fp32
optimizer,optimizer,2,0,16930.257000000012,0,16930.257000000012,medium_ctx512_train_step_fp32
Memcpy HtoD (Pageable -> Device),,2,0,1.5360000000073342,0,1.5360000000073342,medium_ctx512_train_step_fp32
aten::lift_fresh,,2,0.5550000000221189,0,0.5550000000221189,0,medium_ctx512_train_step_fp32
aten::detach_,,2,3.5040000000299187,0,1.8260000000300352,0,medium_ctx512_train_step_fp32
detach_,,2,1.6779999999998836,0,1.6779999999998836,0,medium_ctx512_train_step_fp32
aten::sqrt,,440,2417.876999999644,2072.4130000004807,1261.147999999681,2072.4130000004807,medium_ctx512_train_step_fp32
"void at::native::vectorized_elementwise_kernel<4, at::native::sqrt_kernel_cuda(at::TensorIteratorBase&)::{lambda()#2}::operator()() const::{lambda()#2}::operator()() const::{lambda(float)#1}, std::array<char*, 2ul> >(int, at::native::sqrt_kernel_cuda(at::TensorIteratorBase&)::{lambda()#2}::operator()() const::{lambda()#2}::operator()() const::{lambda(float)#1}, std::array<char*, 2ul>)",,440,0,2072.4130000004807,0,2072.4130000004807,medium_ctx512_train_step_fp32
aten::reciprocal,,2,18.171000000002095,3.073000000003958,10.712999999988824,3.073000000003958,medium_ctx512_train_step_fp32
"void at::native::vectorized_elementwise_kernel<4, at::native::reciprocal_kernel_cuda(at::TensorIteratorBase&)::{lambda()#1}::operator()() const::{lambda()#2}::operator()() const::{lambda(float)#1}, std::array<char*, 2ul> >(int, at::native::reciprocal_kernel_cuda(at::TensorIteratorBase&)::{lambda()#1}::operator()() const::{lambda()#2}::operator()() const::{lambda(float)#1}, std::array<char*, 2ul>)",,2,0,3.073000000003958,0,3.073000000003958,medium_ctx512_train_step_fp32
aten::lt,,2,22.069000000017695,3.5509999999922,14.564000000042142,3.5509999999922,medium_ctx512_train_step_fp32
"void at::native::vectorized_elementwise_kernel<4, at::native::compare_scalar_kernel<float>(at::TensorIteratorBase&, at::native::(anonymous namespace)::OpType, float)::{lambda(float)#1}, std::array<char*, 2ul> >(int, at::native::compare_scalar_kernel<float>(at::TensorIteratorBase&, at::native::(anonymous namespace)::OpType, float)::{lambda(float)#1}, std::array<char*, 2ul>)",,2,0,3.5509999999922,0,3.5509999999922,medium_ctx512_train_step_fp32
aten::is_nonzero,,2,52.787999999985914,5.5350000000034925,3.032999999966705,0.0,medium_ctx512_train_step_fp32
aten::item,,2,49.75500000001921,5.5350000000034925,4.172999999995227,0.0,medium_ctx512_train_step_fp32
aten::_local_scalar_dense,,2,45.58200000002398,5.5350000000034925,11.621000000028289,5.5350000000034925,medium_ctx512_train_step_fp32
Memcpy DtoH (Device -> Pinned),,2,0,5.5350000000034925,0,5.5350000000034925,medium_ctx512_train_step_fp32
aten::mul_,,438,2005.4240000002756,3497.185000000114,877.69100000037,3497.185000000114,medium_ctx512_train_step_fp32
Optimizer.step#AdamW.step,,2,59480.08099999999,32943.47200000206,16387.220000001253,0.0,medium_ctx512_train_step_fp32
aten::sub_,,876,4028.120999998835,4503.982999999615,1906.2189999985858,4503.982999999615,medium_ctx512_train_step_fp32
aten::_has_compatible_shallow_copy_type,,876,82.56500000004598,0,82.56500000004598,0,medium_ctx512_train_step_fp32
aten::zeros_like,,876,7818.141000000047,2521.1890000007115,975.2369999997754,0.0,medium_ctx512_train_step_fp32
aten::square,,438,3219.5989999999583,2074.1070000002364,276.5140000003739,0.0,medium_ctx512_train_step_fp32
Optimizer.step#AdamW.step,,2,0,57895.35699999999,0,57895.35699999999,medium_ctx512_train_step_fp32
cudaDeviceSynchronize,,3,15.584000000060769,0,15.584000000060769,0,medium_ctx512_train_step_fp32
profile/measure,profile/measure,1,145290.37500000003,40676.299000000465,3017.104999999894,0.0,medium_ctx512_train_step_fp32
cudaEventRecordWithFlags,,2,9.324000000022352,0,9.324000000022352,0,medium_ctx512_train_step_fp32
Buffer Flush,,2,124.68900000001304,0,124.68900000001304,0,medium_ctx512_train_step_fp32
cudaEventQuery,,2,4.2980000000679865,0,4.2980000000679865,0,medium_ctx512_train_step_fp32
cudaEventElapsedTime,,1,1.565999999991618,0,1.565999999991618,0,medium_ctx512_train_step_fp32
profile/warmup,profile/warmup,1,211588.769,70438.60300000015,3268.479000000021,0.0,medium_ctx1024_train_step_fp32
Optimizer.zero_grad#AdamW.zero_grad,,2,469.1269999999995,0,469.1269999999995,0,medium_ctx1024_train_step_fp32
forward,forward,2,84756.649,98797.57199999917,23653.236000000372,0.0,medium_ctx1024_train_step_fp32
aten::index,,2,424.4120000000021,31.07199999999102,89.0870000000059,20.799999999991087,medium_ctx1024_train_step_fp32
aten::as_strided,,9524,3261.659000001477,0,3261.659000001477,0,medium_ctx1024_train_step_fp32
aten::reshape,,3280,21296.796000000453,5689.418999999781,3665.0780000014465,0.0,medium_ctx1024_train_step_fp32
aten::view,,3428,3245.983999998678,0,3245.983999998678,0,medium_ctx1024_train_step_fp32
Activity Buffer Request,,2,1867.313999999973,10.271999999999935,1867.313999999973,10.271999999999935,medium_ctx1024_train_step_fp32
cudaLaunchKernel,,15072,79782.8399999993,0,79782.8399999993,0,medium_ctx1024_train_step_fp32
forward,forward,2,0,104384.31300000001,0,104384.31300000001,medium_ctx1024_train_step_fp32
"void at::native::vectorized_gather_kernel<16, long>(char*, char*, long*, int, long, long, long, long, bool)",,2,0,20.799999999991087,0,20.799999999991087,medium_ctx1024_train_step_fp32
aten::to,,1466,82698.74399999988,1.5349999999743886,199.3659999998781,0.0,medium_ctx1024_train_step_fp32
aten::pow,,1170,9945.08199999893,6178.116000000797,5694.307000000264,5145.924000000954,medium_ctx1024_train_step_fp32
aten::result_type,,1170,123.79400000017768,0,123.79400000017768,0,medium_ctx1024_train_step_fp32
"void at::native::vectorized_elementwise_kernel<4, at::native::(anonymous namespace)::pow_tensor_scalar_kernel_impl<float, float>(at::TensorIteratorBase&, float)::{lambda(float)#1}, std::array<char*, 2ul> >(int, at::native::(anonymous namespace)::pow_tensor_scalar_kernel_impl<float, float>(at::TensorIteratorBase&, float)::{lambda(float)#1}, std::array<char*, 2ul>)",,974,0,4982.108000000861,0,4982.108000000861,medium_ctx1024_train_step_fp32
aten::mean,,100,1285.2690000000666,585.8860000002114,949.1279999999715,585.8860000002114,medium_ctx1024_train_step_fp32
"void at::native::reduce_kernel<512, 1, at::native::ReduceOp<float, at::native::MeanOps<float, float, float, float>, unsigned int, float, 4, 4> >(at::native::ReduceOp<float, at::native::MeanOps<float, float, float, float>, unsigned int, float, 4, 4>)",,100,0,585.8860000002114,0,585.8860000002114,medium_ctx1024_train_step_fp32
aten::add,,1702,10839.194999999643,9369.38599999914,6450.9879999988025,9369.38599999914,medium_ctx1024_train_step_fp32
"void at::native::vectorized_elementwise_kernel<4, at::native::CUDAFunctorOnSelf_add<float>, std::array<char*, 2ul> >(int, at::native::CUDAFunctorOnSelf_add<float>, std::array<char*, 2ul>)",,538,0,1796.120999999945,0,1796.120999999945,medium_ctx1024_train_step_fp32
aten::rsqrt,,98,911.8840000000378,136.21999999992613,617.0759999999477,136.21999999992613,medium_ctx1024_train_step_fp32
"void at::native::vectorized_elementwise_kernel<4, at::native::rsqrt_kernel_cuda(at::TensorIteratorBase&)::{lambda()#2}::operator()() const::{lambda()#2}::operator()() const::{lambda(float)#1}, std::array<char*, 2ul> >(int, at::native::rsqrt_kernel_cuda(at::TensorIteratorBase&)::{lambda()#2}::operator()() const::{lambda()#2}::operator()() const::{lambda(float)#1}, std::array<char*, 2ul>)",,98,0,136.21999999992613,0,136.21999999992613,medium_ctx1024_train_step_fp32
aten::mul,,4766,42384.34399999997,62406.82999999912,18677.59499999959,62406.82999999912,medium_ctx1024_train_step_fp32
"void at::native::elementwise_kernel<128, 2, at::native::gpu_kernel_impl_nocast<at::native::BinaryFunctor<float, float, float, at::native::binary_internal::MulFunctor<float> > >(at::TensorIteratorBase&, at::native::BinaryFunctor<float, float, float, at::native::binary_internal::MulFunctor<float> > const&)::{lambda(int)#1}>(int, at::native::gpu_kernel_impl_nocast<at::native::BinaryFunctor<float, float, float, at::native::binary_internal::MulFunctor<float> > >(at::TensorIteratorBase&, at::native::BinaryFunctor<float, float, float, at::native::binary_internal::MulFunctor<float> > const&)::{lambda(int)#1})",,1600,0,16611.4719999996,0,16611.4719999996,medium_ctx1024_train_step_fp32
aten::einsum,,434,28127.688000000013,27553.885000000104,5237.078000001144,0.0,medium_ctx1024_train_step_fp32
aten::unsqueeze,,1256,2772.4739999998187,0,2346.625999999461,0,medium_ctx1024_train_step_fp32
aten::permute,,4916,9668.859999997758,0,7985.4529999969,0,medium_ctx1024_train_step_fp32
aten::_reshape_alias,,530,822.9769999998935,0,822.9769999998935,0,medium_ctx1024_train_step_fp32
aten::bmm,,1302,31581.6889999995,95354.90800000122,18552.61999999915,95354.90800000122,medium_ctx1024_train_step_fp32
cudaFuncGetAttributes,,2028,3063.1390000002198,0,3063.1390000002198,0,medium_ctx1024_train_step_fp32
cudaLaunchKernelExC,,1014,5644.954999999834,0,5644.954999999834,0,medium_ctx1024_train_step_fp32
sm90_xmma_gemm_f32f32_tf32f32_f32_tn_n_tilesize128x128x32_warpgroupsize1x1x1_execute_segment_k_off_kernel__5x_cublas,,336,0,18055.354999999978,0,18055.354999999978,medium_ctx1024_train_step_fp32
aten::unbind,,192,1225.8759999998424,0,559.8139999995255,0,medium_ctx1024_train_step_fp32
aten::select,,384,666.0620000003169,0,521.5610000005736,0,medium_ctx1024_train_step_fp32
aten::alias,,96,145.19100000005574,0,145.19100000005574,0,medium_ctx1024_train_step_fp32
aten::sub,,148,1384.7049999999276,10849.734999999924,946.7329999998874,10849.734999999924,medium_ctx1024_train_step_fp32
"void at::native::vectorized_elementwise_kernel<4, at::native::CUDAFunctor_add<float>, std::array<char*, 3ul> >(int, at::native::CUDAFunctor_add<float>, std::array<char*, 3ul>)",,3108,0,28999.846999999274,0,28999.846999999274,medium_ctx1024_train_step_fp32
aten::concat,,96,1267.0609999999674,1841.6959999999176,116.19199999995362,0.0,medium_ctx1024_train_step_fp32
aten::cat,,192,8113.167999999707,3399.4290000000124,1395.778999999619,3399.4290000000124,medium_ctx1024_train_step_fp32
"void at::native::(anonymous namespace)::CatArrayBatchedCopy<at::native::(anonymous namespace)::OpaqueType<4u>, unsigned int, 4, 64, 64>(at::native::(anonymous namespace)::OpaqueType<4u>*, at::native::(anonymous namespace)::CatArrInputTensorMetadata<at::native::(anonymous namespace)::OpaqueType<4u>, unsigned int, 64, 64>, at::native::(anonymous namespace)::TensorSizeStride<unsigned int, 4u>, int, unsigned int)",,144,0,2981.571999999936,0,2981.571999999936,medium_ctx1024_train_step_fp32
aten::arange,,100,1357.886999999726,117.11400000015965,405.75499999996555,58.557000000079825,medium_ctx1024_train_step_fp32
aten::empty,,686,1624.6230000000714,0,1624.6230000000714,0,medium_ctx1024_train_step_fp32
aten::resize_,,146,350.87600000008206,0,350.87600000008206,0,medium_ctx1024_train_step_fp32
"void (anonymous namespace)::elementwise_kernel_with_index<int, at::native::arange_cuda_out(c10::Scalar const&, c10::Scalar const&, c10::Scalar const&, at::Tensor&)::{lambda()#1}::operator()() const::{lambda()#4}::operator()() const::{lambda(long)#1}>(int, at::native::arange_cuda_out(c10::Scalar const&, c10::Scalar const&, c10::Scalar const&, at::Tensor&)::{lambda()#1}::operator()() const::{lambda()#4}::operator()() const::{lambda(long)#1}, function_traits<at::native::arange_cuda_out(c10::Scalar const&, c10::Scalar const&, c10::Scalar const&, at::Tensor&)::{lambda()#1}::operator()() const::{lambda()#4}::operator()() const::{lambda(long)#1}>::result_type*)",,50,0,58.557000000079825,0,58.557000000079825,medium_ctx1024_train_step_fp32
aten::ge,,48,524.9490000000178,213.69299999996838,356.21799999995983,213.69299999996838,medium_ctx1024_train_step_fp32
"void at::native::elementwise_kernel<128, 4, at::native::gpu_kernel_impl_nocast<at::native::(anonymous namespace)::CompareFunctor<long> >(at::TensorIteratorBase&, at::native::(anonymous namespace)::CompareFunctor<long> const&)::{lambda(int)#1}>(int, at::native::gpu_kernel_impl_nocast<at::native::(anonymous namespace)::CompareFunctor<long> >(at::TensorIteratorBase&, at::native::(anonymous namespace)::CompareFunctor<long> const&)::{lambda(int)#1})",,48,0,213.69299999996838,0,213.69299999996838,medium_ctx1024_train_step_fp32
attention/scores,attention/scores,48,7292.3529999999055,10287.56099999998,2828.021999999908,0.0,medium_ctx1024_train_step_fp32
cudaMemsetAsync,,790,2382.087000000267,0,2382.087000000267,0,medium_ctx1024_train_step_fp32
attention/scores,attention/scores,48,0,10454.313999999973,0,10454.313999999973,medium_ctx1024_train_step_fp32
Memset (Device),,790,0,785.2110000010571,0,785.2110000010571,medium_ctx1024_train_step_fp32
sm90_xmma_gemm_f32f32_tf32f32_f32_tn_n_tilesize64x256x32_warpgroupsize1x1x1_execute_segment_k_off_kernel__5x_cublas,,96,0,8115.592000000166,0,8115.592000000166,medium_ctx1024_train_step_fp32
aten::div,,828,6303.114999999893,60467.08000000006,3890.0269999996162,60467.08000000006,medium_ctx1024_train_step_fp32
"void at::native::vectorized_elementwise_kernel<4, at::native::BUnaryFunctor<float, float, float, at::native::binary_internal::MulFunctor<float> >, std::array<char*, 2ul> >(int, at::native::BUnaryFunctor<float, float, float, at::native::binary_internal::MulFunctor<float> >, std::array<char*, 2ul>)",,96,0,12270.764999999945,0,12270.764999999945,medium_ctx1024_train_step_fp32
attention/softmax,attention/softmax,48,7185.905000000006,45116.537999999746,2244.931999999906,0.0,medium_ctx1024_train_step_fp32
aten::where,,192,5115.995000000209,37534.03499999983,1417.8510000005408,18700.34499999998,medium_ctx1024_train_step_fp32
aten::scalar_tensor,,96,1220.8899999997666,133.3449999998702,272.53599999980725,0.0,medium_ctx1024_train_step_fp32
aten::fill_,,1028,4523.527000000139,5603.625999998578,1863.6080000003867,5603.625999998578,medium_ctx1024_train_step_fp32
aten::max,,50,859.330000000009,4808.457999999896,670.1670000001031,4808.457999999896,medium_ctx1024_train_step_fp32
aten::exp,,50,566.0049999999192,6202.604999999994,392.76199999987966,6202.604999999994,medium_ctx1024_train_step_fp32
aten::sum,,784,9025.254999999208,16863.29600000028,5607.237999999103,16863.29600000028,medium_ctx1024_train_step_fp32
attention/softmax,attention/softmax,48,0,45600.37299999998,0,45600.37299999998,medium_ctx1024_train_step_fp32
"void at::native::vectorized_elementwise_kernel<4, at::native::FillFunctor<float>, std::array<char*, 1ul> >(int, at::native::FillFunctor<float>, std::array<char*, 1ul>)",,1028,0,5603.625999998578,0,5603.625999998578,medium_ctx1024_train_step_fp32
"void at::native::elementwise_kernel<128, 2, at::native::gpu_kernel_impl_nocast<at::native::(anonymous namespace)::where_kernel_impl(at::TensorIterator&)::{lambda()#1}::operator()() const::{lambda()#11}::operator()() const::{lambda(bool, float, float)#1}>(at::TensorIteratorBase&, at::native::(anonymous namespace)::where_kernel_impl(at::TensorIterator&)::{lambda()#1}::operator()() const::{lambda()#11}::operator()() const::{lambda(bool, float, float)#1} const&)::{lambda(int)#1}>(int, at::native::gpu_kernel_impl_nocast<at::native::(anonymous namespace)::where_kernel_impl(at::TensorIterator&)::{lambda()#1}::operator()() const::{lambda()#11}::operator()() const::{lambda(bool, float, float)#1}>(at::TensorIteratorBase&, at::native::(anonymous namespace)::where_kernel_impl(at::TensorIterator&)::{lambda()#1}::operator()() const::{lambda()#11}::operator()() const::{lambda(bool, float, float)#1} const&)::{lambda(int)#1})",,96,0,18700.34499999998,0,18700.34499999998,medium_ctx1024_train_step_fp32
attention/value,attention/value,48,6507.681999999975,4829.602000000131,1692.8559999999297,0.0,medium_ctx1024_train_step_fp32
aten::clone,,384,14272.714000000095,5689.418999999781,859.9660000003751,0.0,medium_ctx1024_train_step_fp32
aten::empty_like,,1266,3758.1220000003887,0,1158.9640000017134,0,medium_ctx1024_train_step_fp32
aten::copy_,,822,99014.27300000034,13586.579999999794,3059.8100000000913,13586.579999999794,medium_ctx1024_train_step_fp32
aten::_unsafe_view,,384,402.75799999961055,0,402.75799999961055,0,medium_ctx1024_train_step_fp32
"void at::native::reduce_kernel<512, 1, at::native::ReduceOp<float, at::native::MaxOps<float>, unsigned int, float, 4, 4> >(at::native::ReduceOp<float, at::native::MaxOps<float>, unsigned int, float, 4, 4>)",,50,0,4808.457999999896,0,4808.457999999896,medium_ctx1024_train_step_fp32
"void at::native::elementwise_kernel<128, 2, at::native::gpu_kernel_impl_nocast<at::native::CUDAFunctor_add<float> >(at::TensorIteratorBase&, at::native::CUDAFunctor_add<float> const&)::{lambda(int)#1}>(int, at::native::gpu_kernel_impl_nocast<at::native::CUDAFunctor_add<float> >(at::TensorIteratorBase&, at::native::CUDAFunctor_add<float> const&)::{lambda(int)#1})",,100,0,20053.11099999989,0,20053.11099999989,medium_ctx1024_train_step_fp32
"void at::native::vectorized_elementwise_kernel<4, at::native::exp_kernel_cuda(at::TensorIteratorBase&)::{lambda()#2}::operator()() const::{lambda()#2}::operator()() const::{lambda(float)#1}, std::array<char*, 2ul> >(int, at::native::exp_kernel_cuda(at::TensorIteratorBase&)::{lambda()#2}::operator()() const::{lambda()#2}::operator()() const::{lambda(float)#1}, std::array<char*, 2ul>)",,50,0,6202.604999999994,0,6202.604999999994,medium_ctx1024_train_step_fp32
aten::sigmoid,,48,520.6580000000349,1545.6989999999696,349.85199999992255,1545.6989999999696,medium_ctx1024_train_step_fp32
"void at::native::reduce_kernel<512, 1, at::native::ReduceOp<float, at::native::func_wrapper_t<float, at::native::sum_functor<float, float, float>::operator()(at::TensorIterator&)::{lambda(float, float)#1}>, unsigned int, float, 4, 4> >(at::native::ReduceOp<float, at::native::func_wrapper_t<float, at::native::sum_functor<float, float, float>::operator()(at::TensorIterator&)::{lambda(float, float)#1}>, unsigned int, float, 4, 4>)",,686,0,15130.63099999982,0,15130.63099999982,medium_ctx1024_train_step_fp32
"void at::native::elementwise_kernel<128, 2, at::native::gpu_kernel_impl_nocast<at::native::BinaryFunctor<float, float, float, at::native::binary_internal::DivFunctor<float> > >(at::TensorIteratorBase&, at::native::BinaryFunctor<float, float, float, at::native::binary_internal::DivFunctor<float> > const&)::{lambda(int)#1}>(int, at::native::gpu_kernel_impl_nocast<at::native::BinaryFunctor<float, float, float, at::native::binary_internal::DivFunctor<float> > >(at::TensorIteratorBase&, at::native::BinaryFunctor<float, float, float, at::native::binary_internal::DivFunctor<float> > const&)::{lambda(int)#1})",,192,0,44548.18000000018,0,44548.18000000018,medium_ctx1024_train_step_fp32
attention/value,attention/value,48,0,4985.347000000085,0,4985.347000000085,medium_ctx1024_train_step_fp32
"void at::native::elementwise_kernel<128, 2, at::native::gpu_kernel_impl_nocast<at::native::direct_copy_kernel_cuda(at::TensorIteratorBase&)::{lambda()#3}::operator()() const::{lambda()#7}::operator()() const::{lambda(float)#1}>(at::TensorIteratorBase&, at::native::direct_copy_kernel_cuda(at::TensorIteratorBase&)::{lambda()#3}::operator()() const::{lambda()#7}::operator()() const::{lambda(float)#1} const&)::{lambda(int)#1}>(int, at::native::gpu_kernel_impl_nocast<at::native::direct_copy_kernel_cuda(at::TensorIteratorBase&)::{lambda()#3}::operator()() const::{lambda()#7}::operator()() const::{lambda(float)#1}>(at::TensorIteratorBase&, at::native::direct_copy_kernel_cuda(at::TensorIteratorBase&)::{lambda()#3}::operator()() const::{lambda()#7}::operator()() const::{lambda(float)#1} const&)::{lambda(int)#1})",,722,0,12552.852999999977,0,12552.852999999977,medium_ctx1024_train_step_fp32
sm90_xmma_gemm_f32f32_tf32f32_f32_nn_n_tilesize64x128x32_warpgroupsize1x1x1_execute_segment_k_off_kernel__5x_cublas,,96,0,7798.249999999987,0,7798.249999999987,medium_ctx1024_train_step_fp32
"void at::native::vectorized_elementwise_kernel<4, at::native::sigmoid_kernel_cuda(at::TensorIteratorBase&)::{lambda()#2}::operator()() const::{lambda()#2}::operator()() const::{lambda(float)#1}, std::array<char*, 2ul> >(int, at::native::sigmoid_kernel_cuda(at::TensorIteratorBase&)::{lambda()#2}::operator()() const::{lambda()#2}::operator()() const::{lambda(float)#1}, std::array<char*, 2ul>)",,48,0,1545.6989999999696,0,1545.6989999999696,medium_ctx1024_train_step_fp32
"void at::native::vectorized_elementwise_kernel<4, at::native::BinaryFunctor<float, float, float, at::native::binary_internal::MulFunctor<float> >, std::array<char*, 3ul> >(int, at::native::BinaryFunctor<float, float, float, at::native::binary_internal::MulFunctor<float> >, std::array<char*, 3ul>)",,776,0,35517.4229999993,0,35517.4229999993,medium_ctx1024_train_step_fp32
aten::log,,2,20.01500000001397,4.223999999951047,12.409000000021479,4.223999999951047,medium_ctx1024_train_step_fp32
aten::neg,,200,4483.014000000083,13599.667999999823,841.0569999999716,13599.667999999823,medium_ctx1024_train_step_fp32
aten::gather,,2,31.021000000007916,21.727999999980966,22.439000000056694,21.727999999980966,medium_ctx1024_train_step_fp32
backward,backward,2,169586.647,2.558999999964726,128749.75899999976,0.0,medium_ctx1024_train_step_fp32
aten::ones_like,,2,44.44500000001426,2.558999999964726,5.384000000027299,0.0,medium_ctx1024_train_step_fp32
aten::empty_strided,,1218,2543.3309999986523,0,2543.3309999986523,0,medium_ctx1024_train_step_fp32
autograd::engine::evaluate_function: MeanBackward0,,2,260.30500000000757,4.094999999964784,45.177000000025146,0.0,medium_ctx1024_train_step_fp32
MeanBackward0,,2,215.12799999998242,4.094999999964784,73.32899999998335,0.0,medium_ctx1024_train_step_fp32
aten::expand,,152,442.3270000001867,0,368.7059999999474,0,medium_ctx1024_train_step_fp32
autograd::engine::evaluate_function: GatherBackward0,,2,137.3899999999776,91.19900000002963,26.090999999956694,0.0,medium_ctx1024_train_step_fp32
GatherBackward0,,2,111.2990000000209,91.19900000002963,12.052000000010594,0.0,medium_ctx1024_train_step_fp32
aten::gather_backward,,2,99.2470000000103,91.19900000002963,12.728000000017346,0.0,medium_ctx1024_train_step_fp32
aten::new_zeros,,4,79.91400000003341,91.74299999996583,15.103000000002794,0.0,medium_ctx1024_train_step_fp32
aten::new_empty,,4,21.766999999999825,0,6.607999999992899,0,medium_ctx1024_train_step_fp32
aten::zero_,,930,4802.256000000729,5467.721999998743,988.978000000403,0.0,medium_ctx1024_train_step_fp32
aten::scatter_add_,,2,36.18699999999808,19.776000000041677,24.88799999998446,19.776000000041677,medium_ctx1024_train_step_fp32
autograd::engine::evaluate_function: NegBackward0,,2,31.327999999986787,158.91199999999662,6.988999999994121,0.0,medium_ctx1024_train_step_fp32
NegBackward0,,2,24.338999999992666,158.91199999999662,3.5370000000039,0.0,medium_ctx1024_train_step_fp32
autograd::engine::evaluate_function: SubBackward0,,148,5110.687000000165,11260.085999999974,510.4790000000139,0.0,medium_ctx1024_train_step_fp32
SubBackward0,,148,4202.627999999939,7242.223999999922,155.34699999980512,0.0,medium_ctx1024_train_step_fp32
autograd::engine::evaluate_function: LogBackward0,,2,33.291000000004715,4.639999999970314,8.818000000006577,0.0,medium_ctx1024_train_step_fp32
LogBackward0,,2,24.472999999998137,4.639999999970314,3.6389999999810243,0.0,medium_ctx1024_train_step_fp32
autograd::engine::evaluate_function: SumBackward1,,50,772.0430000000415,9723.502999999982,222.3510000002716,0.0,medium_ctx1024_train_step_fp32
SumBackward1,,50,203.0739999997386,0,67.49899999977788,0,medium_ctx1024_train_step_fp32
autograd::engine::evaluate_function: ExpBackward0,,50,593.672999999857,9456.105000000047,150.2329999996582,0.0,medium_ctx1024_train_step_fp32
ExpBackward0,,50,423.69400000018504,9229.12900000003,95.82400000017515,0.0,medium_ctx1024_train_step_fp32
aten::add_,,1020,11899.349999999708,26136.28699999934,2502.8789999999062,26136.28699999934,medium_ctx1024_train_step_fp32
autograd::engine::evaluate_function: MaxBackward0,,50,2121.7430000002278,12762.93099999975,268.5970000002417,0.0,medium_ctx1024_train_step_fp32
MaxBackward0,,50,1591.7060000000347,3401.4130000000005,107.20100000000821,0.0,medium_ctx1024_train_step_fp32
aten::value_selecting_reduction_backward,,50,1484.5050000000265,3401.4130000000005,143.62000000005355,0.0,medium_ctx1024_train_step_fp32
aten::zeros,,50,685.9320000001535,2876.7689999999493,133.54500000015105,0.0,medium_ctx1024_train_step_fp32
aten::scatter_,,50,654.9529999998194,524.6440000000512,450.46399999969435,524.6440000000512,medium_ctx1024_train_step_fp32
autograd::engine::evaluate_function: ViewBackward0,,1446,15395.42200000029,2978.2459999998464,3173.7460000003557,0.0,medium_ctx1024_train_step_fp32
ViewBackward0,,1446,12221.675999999934,2978.2459999998464,1292.0309999999154,0.0,medium_ctx1024_train_step_fp32
autograd::engine::evaluate_function: PermuteBackward0,,2458,11797.282999999006,0,5299.968000001092,0,medium_ctx1024_train_step_fp32
PermuteBackward0,,2458,6497.314999997914,0,1958.4799999997922,0,medium_ctx1024_train_step_fp32
autograd::engine::evaluate_function: BmmBackward0,,434,24949.033999999898,68597.63000000114,1863.7070000001404,0.0,medium_ctx1024_train_step_fp32
BmmBackward0,,434,23085.326999999757,68597.63000000114,1538.7929999996704,0.0,medium_ctx1024_train_step_fp32
aten::transpose,,868,1747.456000000282,0,1426.4789999999048,0,medium_ctx1024_train_step_fp32
autograd::engine::evaluate_function: ReshapeAliasBackward0,,482,6850.490000000391,1189.1249999999927,1153.9580000001224,0.0,medium_ctx1024_train_step_fp32
ReshapeAliasBackward0,,482,5696.532000000268,1189.1249999999927,489.7060000001511,0.0,medium_ctx1024_train_step_fp32
autograd::engine::evaluate_function: UnsqueezeBackward0,,1206,7076.756000000416,1725.0560000000696,3160.160000000091,0.0,medium_ctx1024_train_step_fp32
UnsqueezeBackward0,,1206,2931.1620000002877,0,830.4080000007234,0,medium_ctx1024_train_step_fp32
aten::squeeze,,1206,2100.7539999995643,0,1715.1749999994354,0,medium_ctx1024_train_step_fp32
autograd::engine::evaluate_function: torch::autograd::AccumulateGrad,,438,7057.102000000232,6863.434000000198,878.6140000002924,0.0,medium_ctx1024_train_step_fp32
torch::autograd::AccumulateGrad,,438,6178.487999999939,6863.434000000198,1166.5999999994383,0.0,medium_ctx1024_train_step_fp32
aten::new_empty_strided,,338,1420.0269999998563,0,535.8769999996512,0,medium_ctx1024_train_step_fp32
autograd::engine::evaluate_function: MulBackward0,,676,31601.440999999126,23093.8669999994,3242.8429999993605,0.0,medium_ctx1024_train_step_fp32
MulBackward0,,676,18270.78200000042,18417.484999999506,1170.564000001381,0.0,medium_ctx1024_train_step_fp32
aten::detach,,100,177.21400000024732,0,68.17400000025373,0,medium_ctx1024_train_step_fp32
detach,,100,109.0399999999936,0,109.0399999999936,0,medium_ctx1024_train_step_fp32
autograd::engine::evaluate_function: RsqrtBackward0,,98,3662.2930000000924,442.75799999978335,298.1090000002223,0.0,medium_ctx1024_train_step_fp32
RsqrtBackward0,,98,3364.18399999987,442.75799999978335,687.4249999997774,0.0,medium_ctx1024_train_step_fp32
autograd::engine::evaluate_function: AddBackward0,,290,786.3219999998764,0,676.3130000001038,0,medium_ctx1024_train_step_fp32
AddBackward0,,290,110.00899999977264,0,110.00899999977264,0,medium_ctx1024_train_step_fp32
autograd::engine::evaluate_function: MeanBackward1,,98,1749.2920000002632,1178.652999999882,259.3190000004179,0.0,medium_ctx1024_train_step_fp32
MeanBackward1,,98,1489.9729999998453,1178.652999999882,205.65199999993638,0.0,medium_ctx1024_train_step_fp32
autograd::engine::evaluate_function: PowBackward0,,98,5269.216000000168,3950.784000000749,536.3400000003458,0.0,medium_ctx1024_train_step_fp32
PowBackward0,,98,3692.9429999997155,2856.605000000396,315.31199999943783,0.0,medium_ctx1024_train_step_fp32
cudaMemcpyAsync,,102,902.8699999999808,0,902.8699999999808,0,medium_ctx1024_train_step_fp32
autograd::engine::evaluate_function: SigmoidBackward0,,48,1021.7500000001019,4623.054999999942,255.11500000026717,0.0,medium_ctx1024_train_step_fp32
SigmoidBackward0,,48,510.3759999998292,2329.8930000000764,107.13199999989592,0.0,medium_ctx1024_train_step_fp32
aten::sigmoid_backward,,48,403.2439999999333,2329.8930000000764,252.5980000001873,2329.8930000000764,medium_ctx1024_train_step_fp32
cudaDeviceGetAttribute,,290,72.67000000003463,0,72.67000000003463,0,medium_ctx1024_train_step_fp32
cuLaunchKernel,,288,1128.0810000001802,0,1128.0810000001802,0,medium_ctx1024_train_step_fp32
autograd::engine::evaluate_function: UnsafeViewBackward0,,96,435.6180000000313,0,210.87200000012672,0,medium_ctx1024_train_step_fp32
UnsafeViewBackward0,,96,224.7459999999046,0,85.46699999995326,0,medium_ctx1024_train_step_fp32
autograd::engine::evaluate_function: CloneBackward0,,96,198.91099999981088,0,178.83099999991828,0,medium_ctx1024_train_step_fp32
CloneBackward0,,96,20.079999999892607,0,20.079999999892607,0,medium_ctx1024_train_step_fp32
autograd::engine::evaluate_function: DivBackward0,,96,3560.2700000000405,58089.88099999994,534.4869999998991,0.0,medium_ctx1024_train_step_fp32
DivBackward0,,96,2569.8740000001562,54348.026999999965,346.8540000000503,0.0,medium_ctx1024_train_step_fp32
autograd::engine::evaluate_function: WhereBackward0,,48,1768.935000000034,9403.244999999843,217.2340000001568,0.0,medium_ctx1024_train_step_fp32
WhereBackward0,,48,1551.7009999998772,9403.244999999843,86.7619999998351,0.0,medium_ctx1024_train_step_fp32
autograd::engine::evaluate_function: CatBackward0,,96,1401.136999999835,0,356.19899999987683,0,medium_ctx1024_train_step_fp32
CatBackward0,,96,1044.9379999999583,0,222.9549999997398,0,medium_ctx1024_train_step_fp32
aten::narrow,,192,821.9830000002185,0,251.19700000031298,0,medium_ctx1024_train_step_fp32
aten::slice,,192,570.7859999999055,0,488.8800000002302,0,medium_ctx1024_train_step_fp32
autograd::engine::evaluate_function: UnbindBackward0,,96,7752.5479999997915,1557.7330000000948,276.8829999997688,0.0,medium_ctx1024_train_step_fp32
UnbindBackward0,,96,7475.665000000023,1557.7330000000948,156.52300000005198,0.0,medium_ctx1024_train_step_fp32
aten::stack,,96,7319.141999999971,1557.7330000000948,309.30900000056863,0.0,medium_ctx1024_train_step_fp32
sm90_xmma_gemm_f32f32_tf32f32_f32_tn_n_tilesize128x128x32_warpgroupsize1x1x1_execute_segment_k_on_kernel__5x_cublas,,2,0,441.72999999995955,0,441.72999999995955,medium_ctx1024_train_step_fp32
"void at::native::vectorized_elementwise_kernel<4, at::native::log_kernel_cuda(at::TensorIteratorBase&)::{lambda()#2}::operator()() const::{lambda()#2}::operator()() const::{lambda(float)#1}, std::array<char*, 2ul> >(int, at::native::log_kernel_cuda(at::TensorIteratorBase&)::{lambda()#2}::operator()() const::{lambda()#2}::operator()() const::{lambda(float)#1}, std::array<char*, 2ul>)",,2,0,4.223999999951047,0,4.223999999951047,medium_ctx1024_train_step_fp32
"void at::native::vectorized_elementwise_kernel<4, at::native::neg_kernel_cuda(at::TensorIteratorBase&)::{lambda()#2}::operator()() const::{lambda()#7}::operator()() const::{lambda(float)#1}, std::array<char*, 2ul> >(int, at::native::neg_kernel_cuda(at::TensorIteratorBase&)::{lambda()#2}::operator()() const::{lambda()#7}::operator()() const::{lambda(float)#1}, std::array<char*, 2ul>)",,104,0,12756.748000000058,0,12756.748000000058,medium_ctx1024_train_step_fp32
"void at::native::_scatter_gather_elementwise_kernel<128, 8, at::native::_cuda_scatter_gather_internal_kernel<false, at::native::OpaqueType<4>, long>::operator()<at::native::TensorAssign>(at::TensorIterator&, long, long, long, at::native::TensorAssign const&)::{lambda(int)#1}>(int, at::native::_cuda_scatter_gather_internal_kernel<false, at::native::OpaqueType<4>, long>::operator()<at::native::TensorAssign>(at::TensorIterator&, long, long, long, at::native::TensorAssign const&)::{lambda(int)#1})",,2,0,21.727999999980966,0,21.727999999980966,medium_ctx1024_train_step_fp32
backward,backward,2,0,2.558999999964726,0,2.558999999964726,medium_ctx1024_train_step_fp32
"void at::native::elementwise_kernel<128, 2, at::native::gpu_kernel_impl_nocast<at::native::BUnaryFunctor<float, float, float, at::native::binary_internal::MulFunctor<float> > >(at::TensorIteratorBase&, at::native::BUnaryFunctor<float, float, float, at::native::binary_internal::MulFunctor<float> > const&)::{lambda(int)#1}>(int, at::native::gpu_kernel_impl_nocast<at::native::BUnaryFunctor<float, float, float, at::native::binary_internal::MulFunctor<float> > >(at::TensorIteratorBase&, at::native::BUnaryFunctor<float, float, float, at::native::binary_internal::MulFunctor<float> > const&)::{lambda(int)#1})",,100,0,1182.7479999998468,0,1182.7479999998468,medium_ctx1024_train_step_fp32
"void at::native::_scatter_gather_elementwise_kernel<128, 8, at::native::_cuda_scatter_gather_internal_kernel<true, float, long>::operator()<at::native::ReduceAdd>(at::TensorIterator&, long, long, long, at::native::ReduceAdd const&)::{lambda(int)#1}>(int, at::native::_cuda_scatter_gather_internal_kernel<true, float, long>::operator()<at::native::ReduceAdd>(at::TensorIterator&, long, long, long, at::native::ReduceAdd const&)::{lambda(int)#1})",,2,0,19.776000000041677,0,19.776000000041677,medium_ctx1024_train_step_fp32
"void at::native::vectorized_elementwise_kernel<4, at::native::BinaryFunctor<float, float, float, at::native::binary_internal::DivFunctor<float> >, std::array<char*, 3ul> >(int, at::native::BinaryFunctor<float, float, float, at::native::binary_internal::DivFunctor<float> >, std::array<char*, 3ul>)",,440,0,2465.3870000000898,0,2465.3870000000898,medium_ctx1024_train_step_fp32
"void at::native::_scatter_gather_elementwise_kernel<128, 8, at::native::_cuda_scatter_gather_internal_kernel<true, at::native::OpaqueType<4>, long>::operator()<at::native::TensorAssign>(at::TensorIterator&, long, long, long, at::native::TensorAssign const&)::{lambda(int)#1}>(int, at::native::_cuda_scatter_gather_internal_kernel<true, at::native::OpaqueType<4>, long>::operator()<at::native::TensorAssign>(at::TensorIterator&, long, long, long, at::native::TensorAssign const&)::{lambda(int)#1})",,50,0,524.6440000000512,0,524.6440000000512,medium_ctx1024_train_step_fp32
sm90_xmma_gemm_f32f32_tf32f32_f32_nt_n_tilesize256x128x32_warpgroupsize2x1x1_execute_segment_k_on_kernel__5x_cublas,,2,0,734.4020000000019,0,734.4020000000019,medium_ctx1024_train_step_fp32
sm90_xmma_gemm_f32f32_tf32f32_f32_nn_n_tilesize128x256x32_warpgroupsize2x1x1_execute_segment_k_off_kernel__5x_cublas,,194,0,6149.041999999827,0,6149.041999999827,medium_ctx1024_train_step_fp32
"void at::native::reduce_kernel<128, 4, at::native::ReduceOp<float, at::native::func_wrapper_t<float, at::native::sum_functor<float, float, float>::operator()(at::TensorIterator&)::{lambda(float, float)#1}>, unsigned int, float, 4, 4> >(at::native::ReduceOp<float, at::native::func_wrapper_t<float, at::native::sum_functor<float, float, float>::operator()(at::TensorIterator&)::{lambda(float, float)#1}>, unsigned int, float, 4, 4>)",,98,0,1318.1659999999101,0,1318.1659999999101,medium_ctx1024_train_step_fp32
"void at::native::vectorized_elementwise_kernel<4, at::native::(anonymous namespace)::pow_tensor_scalar_kernel_impl<float, float>(at::TensorIteratorBase&, float)::{lambda(float)#2}, std::array<char*, 2ul> >(int, at::native::(anonymous namespace)::pow_tensor_scalar_kernel_impl<float, float>(at::TensorIteratorBase&, float)::{lambda(float)#2}, std::array<char*, 2ul>)",,98,0,163.81600000009348,0,163.81600000009348,medium_ctx1024_train_step_fp32
"void at::native::vectorized_elementwise_kernel<4, at::native::AUnaryFunctor<float, float, float, at::native::binary_internal::MulFunctor<float> >, std::array<char*, 2ul> >(int, at::native::AUnaryFunctor<float, float, float, at::native::binary_internal::MulFunctor<float> >, std::array<char*, 2ul>)",,2826,0,13766.970999999874,0,13766.970999999874,medium_ctx1024_train_step_fp32
Memcpy DtoD (Device -> Device),,98,0,1032.1919999998427,0,1032.1919999998427,medium_ctx1024_train_step_fp32
sm90_xmma_gemm_f32f32_tf32f32_f32_nt_n_tilesize128x256x32_warpgroupsize2x1x1_execute_segment_k_off_kernel__5x_cublas,,144,0,19983.957000000344,0,19983.957000000344,medium_ctx1024_train_step_fp32
sm90_xmma_gemm_f32f32_tf32f32_f32_nn_n_tilesize128x128x32_warpgroupsize1x1x1_execute_segment_k_off_kernel__5x_cublas,,144,0,15153.619000000042,0,15153.619000000042,medium_ctx1024_train_step_fp32
"void at::native::vectorized_elementwise_kernel<4, at::native::sigmoid_backward_kernel_cuda(at::TensorIteratorBase&)::{lambda()#2}::operator()() const::{lambda()#2}::operator()() const::{lambda(float, float)#1}, std::array<char*, 3ul> >(int, at::native::sigmoid_backward_kernel_cuda(at::TensorIteratorBase&)::{lambda()#2}::operator()() const::{lambda()#2}::operator()() const::{lambda(float, float)#1}, std::array<char*, 3ul>)",,48,0,2329.8930000000764,0,2329.8930000000764,medium_ctx1024_train_step_fp32
void cutlass::Kernel2<cutlass_80_tensorop_s1688gemm_256x128_16x3_nt_align4>(cutlass_80_tensorop_s1688gemm_256x128_16x3_nt_align4::Params),,192,0,9633.236000000608,0,9633.236000000608,medium_ctx1024_train_step_fp32
"void cublasLt::splitKreduce_kernel<32, 16, int, float, float, float, float, false, float, float, float, true, false, false>(cublasLt::cublasSplitKParams<float>, float const*, float const*, float*, float*, float const*, float const*, float const*, float const*, float*, void*, long, float*, int*, float*, float*, float const*, float const*, float const*, float const*, float const*)",,192,0,1049.5070000000414,0,1049.5070000000414,medium_ctx1024_train_step_fp32
void cutlass::Kernel2<cutlass_80_tensorop_s1688gemm_64x256_16x4_nt_align4>(cutlass_80_tensorop_s1688gemm_64x256_16x4_nt_align4::Params),,48,0,3768.1600000000035,0,3768.1600000000035,medium_ctx1024_train_step_fp32
void cutlass::Kernel2<cutlass_80_tensorop_s1688gemm_128x64_32x6_nt_align4>(cutlass_80_tensorop_s1688gemm_128x64_32x6_nt_align4::Params),,48,0,4108.192999999817,0,4108.192999999817,medium_ctx1024_train_step_fp32
"void at::native::elementwise_kernel<128, 2, at::native::gpu_kernel_impl_nocast<at::native::neg_kernel_cuda(at::TensorIteratorBase&)::{lambda()#2}::operator()() const::{lambda()#7}::operator()() const::{lambda(float)#1}>(at::TensorIteratorBase&, at::native::neg_kernel_cuda(at::TensorIteratorBase&)::{lambda()#2}::operator()() const::{lambda()#7}::operator()() const::{lambda(float)#1} const&)::{lambda(int)#1}>(int, at::native::gpu_kernel_impl_nocast<at::native::neg_kernel_cuda(at::TensorIteratorBase&)::{lambda()#2}::operator()() const::{lambda()#7}::operator()() const::{lambda(float)#1}>(at::TensorIteratorBase&, at::native::neg_kernel_cuda(at::TensorIteratorBase&)::{lambda()#2}::operator()() const::{lambda()#7}::operator()() const::{lambda(float)#1} const&)::{lambda(int)#1})",,96,0,842.9199999997654,0,842.9199999997654,medium_ctx1024_train_step_fp32
"void at::native::(anonymous namespace)::CatArrayBatchedCopy_vectorized<at::native::(anonymous namespace)::OpaqueType<4u>, unsigned int, 1, 128, 1, 16, 4>(char*, at::native::(anonymous namespace)::CatArrInputTensorMetadata<at::native::(anonymous namespace)::OpaqueType<4u>, unsigned int, 128, 1>, at::native::(anonymous namespace)::TensorSizeStride<unsigned int, 4u>, int, unsigned int)",,48,0,417.85700000007637,0,417.85700000007637,medium_ctx1024_train_step_fp32
Command Buffer Full,,436,39096.810000000245,0,39096.810000000245,0,medium_ctx1024_train_step_fp32
autograd::engine::evaluate_function: IndexBackward0,,2,326.596000000005,104.25400000007357,7.417000000001281,0.0,medium_ctx1024_train_step_fp32
IndexBackward0,,2,319.1790000000037,104.25400000007357,15.512000000002445,0.0,medium_ctx1024_train_step_fp32
aten::_index_put_impl_,,2,274.08499999996275,83.9340000000957,71.36399999994319,69.50200000000768,medium_ctx1024_train_step_fp32
aten::remainder,,2,28.58200000000943,5.056000000011409,19.75100000000384,5.056000000011409,medium_ctx1024_train_step_fp32
aten::divide_,,2,43.17699999996694,4.352000000042608,4.694999999934225,0.0,medium_ctx1024_train_step_fp32
aten::div_,,2,38.48200000003271,4.352000000042608,15.895000000033178,4.352000000042608,medium_ctx1024_train_step_fp32
cudaOccupancyMaxActiveBlocksPerMultiprocessorWithFlags,,2,2.0499999999883585,0,2.0499999999883585,0,medium_ctx1024_train_step_fp32
cudaPeekAtLastError,,8,0.4520000000775326,0,0.4520000000775326,0,medium_ctx1024_train_step_fp32
optimizer,optimizer,2,161091.28399999993,42061.3899999994,6414.040000000547,0.0,medium_ctx1024_train_step_fp32
aten::_to_copy,,2,82499.378,1.5349999999743886,9.768000000010943,0.0,medium_ctx1024_train_step_fp32
cudaStreamIsCapturing,,4,5.818000000028405,0,5.818000000028405,0,medium_ctx1024_train_step_fp32
cudaStreamSynchronize,,4,82428.30099999995,0,82428.30099999995,0,medium_ctx1024_train_step_fp32
"void at::native::vectorized_elementwise_kernel<2, at::native::BUnaryFunctor<long, long, long, at::native::remainder_kernel_cuda(at::TensorIteratorBase&)::{lambda()#1}::operator()() const::{lambda()#4}::operator()() const::{lambda(long, long)#1}>, std::array<char*, 2ul> >(int, at::native::BUnaryFunctor<long, long, long, at::native::remainder_kernel_cuda(at::TensorIteratorBase&)::{lambda()#1}::operator()() const::{lambda()#4}::operator()() const::{lambda(long, long)#1}>, std::array<char*, 2ul>)",,2,0,5.056000000011409,0,5.056000000011409,medium_ctx1024_train_step_fp32
"void at::native::vectorized_elementwise_kernel<2, at::native::AUnaryFunctor<long, long, long, at::native::binary_internal::MulFunctor<long> >, std::array<char*, 2ul> >(int, at::native::AUnaryFunctor<long, long, long, at::native::binary_internal::MulFunctor<long> >, std::array<char*, 2ul>)",,2,0,2.6560000000172295,0,2.6560000000172295,medium_ctx1024_train_step_fp32
"void at::native::vectorized_elementwise_kernel<2, at::native::BUnaryFunctor<long, long, long, at::native::binary_internal::div_trunc_kernel_cuda(at::TensorIteratorBase&)::{lambda()#1}::operator()() const::{lambda()#4}::operator()() const::{lambda(long, long)#1}>, std::array<char*, 2ul> >(int, at::native::BUnaryFunctor<long, long, long, at::native::binary_internal::div_trunc_kernel_cuda(at::TensorIteratorBase&)::{lambda()#1}::operator()() const::{lambda()#4}::operator()() const::{lambda(long, long)#1}>, std::array<char*, 2ul>)",,2,0,4.352000000042608,0,4.352000000042608,medium_ctx1024_train_step_fp32
"void at_cuda_detail::cub::DeviceRadixSortHistogramKernel<at_cuda_detail::cub::DeviceRadixSortPolicy<long, at::cuda::cub::detail::OpaqueType<8>, unsigned long long>::Policy900, false, long, unsigned long long, at_cuda_detail::cub::detail::identity_decomposer_t>(unsigned long long*, long const*, unsigned long long, int, int, at_cuda_detail::cub::detail::identity_decomposer_t)",,2,0,5.087999999988824,0,5.087999999988824,medium_ctx1024_train_step_fp32
"void at_cuda_detail::cub::DeviceRadixSortExclusiveSumKernel<at_cuda_detail::cub::DeviceRadixSortPolicy<long, at::cuda::cub::detail::OpaqueType<8>, unsigned long long>::Policy900, unsigned long long>(unsigned long long*)",,2,0,2.558999999979278,0,2.558999999979278,medium_ctx1024_train_step_fp32
"void at_cuda_detail::cub::DeviceRadixSortOnesweepKernel<at_cuda_detail::cub::DeviceRadixSortPolicy<long, at::cuda::cub::detail::OpaqueType<8>, unsigned long long>::Policy900, false, long, at::cuda::cub::detail::OpaqueType<8>, unsigned long long, int, int, at_cuda_detail::cub::detail::identity_decomposer_t>(int*, int*, unsigned long long*, unsigned long long const*, long*, long const*, at::cuda::cub::detail::OpaqueType<8>*, at::cuda::cub::detail::OpaqueType<8> const*, int, int, int, at_cuda_detail::cub::detail::identity_decomposer_t)",,4,0,27.4879999999539,0,27.4879999999539,medium_ctx1024_train_step_fp32
"void (anonymous namespace)::indexing_backward_kernel<float, 4>(long const*, long const*, float const*, float*, long, long, long, long, bool)",,2,0,27.520000000018626,0,27.520000000018626,medium_ctx1024_train_step_fp32
optimizer,optimizer,2,0,17150.739,0,17150.739,medium_ctx1024_train_step_fp32
Memcpy HtoD (Pageable -> Device),,2,0,1.5349999999743886,0,1.5349999999743886,medium_ctx1024_train_step_fp32
aten::lift_fresh,,2,0.5869999999704305,0,0.5869999999704305,0,medium_ctx1024_train_step_fp32
aten::detach_,,2,3.896999999997206,0,2.1840000000374857,0,medium_ctx1024_train_step_fp32
detach_,,2,1.7129999999597203,0,1.7129999999597203,0,medium_ctx1024_train_step_fp32
aten::sqrt,,440,2424.7690000000293,2078.7950000004203,1294.5729999998875,2078.7950000004203,medium_ctx1024_train_step_fp32
"void at::native::vectorized_elementwise_kernel<4, at::native::sqrt_kernel_cuda(at::TensorIteratorBase&)::{lambda()#2}::operator()() const::{lambda()#2}::operator()() const::{lambda(float)#1}, std::array<char*, 2ul> >(int, at::native::sqrt_kernel_cuda(at::TensorIteratorBase&)::{lambda()#2}::operator()() const::{lambda()#2}::operator()() const::{lambda(float)#1}, std::array<char*, 2ul>)",,440,0,2078.7950000004203,0,2078.7950000004203,medium_ctx1024_train_step_fp32
aten::reciprocal,,2,18.17899999997462,3.0090000000200234,11.057999999960884,3.0090000000200234,medium_ctx1024_train_step_fp32
"void at::native::vectorized_elementwise_kernel<4, at::native::reciprocal_kernel_cuda(at::TensorIteratorBase&)::{lambda()#1}::operator()() const::{lambda()#2}::operator()() const::{lambda(float)#1}, std::array<char*, 2ul> >(int, at::native::reciprocal_kernel_cuda(at::TensorIteratorBase&)::{lambda()#1}::operator()() const::{lambda()#2}::operator()() const::{lambda(float)#1}, std::array<char*, 2ul>)",,2,0,3.0090000000200234,0,3.0090000000200234,medium_ctx1024_train_step_fp32
aten::lt,,2,22.74600000004284,3.5200000000186265,15.375000000029104,3.5200000000186265,medium_ctx1024_train_step_fp32
"void at::native::vectorized_elementwise_kernel<4, at::native::compare_scalar_kernel<float>(at::TensorIteratorBase&, at::native::(anonymous namespace)::OpType, float)::{lambda(float)#1}, std::array<char*, 2ul> >(int, at::native::compare_scalar_kernel<float>(at::TensorIteratorBase&, at::native::(anonymous namespace)::OpType, float)::{lambda(float)#1}, std::array<char*, 2ul>)",,2,0,3.5200000000186265,0,3.5200000000186265,medium_ctx1024_train_step_fp32
aten::is_nonzero,,2,54.19700000001467,5.566999999951804,3.1180000000458676,0.0,medium_ctx1024_train_step_fp32
aten::item,,2,51.0789999999688,5.566999999951804,4.626999999949476,0.0,medium_ctx1024_train_step_fp32
aten::_local_scalar_dense,,2,46.452000000019325,5.566999999951804,12.29900000008638,5.566999999951804,medium_ctx1024_train_step_fp32
Memcpy DtoH (Device -> Pinned),,2,0,5.566999999951804,0,5.566999999951804,medium_ctx1024_train_step_fp32
aten::mul_,,438,2148.414000000601,3491.6919999996608,993.5470000011264,3491.6919999996608,medium_ctx1024_train_step_fp32
Optimizer.step#AdamW.step,,2,59643.371000000014,32942.946999999345,16674.142999998963,0.0,medium_ctx1024_train_step_fp32
aten::sub_,,876,4121.80399999916,4493.671000000701,1958.2139999995707,4493.671000000701,medium_ctx1024_train_step_fp32
aten::_has_compatible_shallow_copy_type,,876,84.87200000038138,0,84.87200000038138,0,medium_ctx1024_train_step_fp32
aten::zeros_like,,876,7640.012000000657,2499.2099999988277,978.5699999993376,0.0,medium_ctx1024_train_step_fp32
aten::square,,438,3224.1650000003865,2095.111000000412,267.8880000009376,0.0,medium_ctx1024_train_step_fp32
Optimizer.step#AdamW.step,,2,0,58288.196000000054,0,58288.196000000054,medium_ctx1024_train_step_fp32
cudaDeviceSynchronize,,3,16.246000000013737,0,16.246000000013737,0,medium_ctx1024_train_step_fp32
profile/measure,profile/measure,1,210674.96899999998,70422.91799999838,3059.210000000079,0.0,medium_ctx1024_train_step_fp32
cudaEventRecordWithFlags,,2,11.268999999971129,0,11.268999999971129,0,medium_ctx1024_train_step_fp32
Buffer Flush,,2,112.96199999999953,0,112.96199999999953,0,medium_ctx1024_train_step_fp32
cudaEventQuery,,2,4.555999999982305,0,4.555999999982305,0,medium_ctx1024_train_step_fp32
cudaEventElapsedTime,,1,1.3999999999650754,0,1.3999999999650754,0,medium_ctx1024_train_step_fp32
